OrgID,Alternative,Brand,Choice,Affordable,Ease,Power,Learning,Supplements,Support,Needs,IT,Matlab,R,SAS,SPSS,Stata,Chosen,Status
1,1,Matlab,0,7,7,2,7,7,7,1,7,1,0,0,0,0,2,2
1,2,R,0,4,1,5,2,2,1,4,1,0,1,0,0,0,2,2
1,3,SAS,0,6,4,2,7,1,7,6,6,0,0,1,0,0,2,2
1,4,SPSS,1,7,7,3,7,6,6,6,2,0,0,0,1,0,1,1
1,5,Stata,0,4,3,1,5,3,2,2,1,0,0,0,0,1,2,2
2,1,Matlab,0,2,1,7,2,5,7,1,6,1,0,0,0,0,2,2
2,2,R,0,1,6,2,7,6,2,6,5,0,1,0,0,0,2,2
2,3,SAS,0,4,1,6,3,2,5,5,2,0,0,1,0,0,2,2
2,4,SPSS,1,2,7,6,7,7,5,7,7,0,0,0,1,0,1,1
2,5,Stata,0,7,7,1,4,7,7,1,7,0,0,0,0,1,2,2
3,1,Matlab,0,4,5,7,5,3,5,6,7,1,0,0,0,0,2,2
3,2,R,0,7,7,1,6,6,3,1,7,0,1,0,0,0,2,2
3,3,SAS,0,1,1,2,1,6,2,1,4,0,0,1,0,0,2,2
3,4,SPSS,0,5,3,7,6,4,4,7,3,0,0,0,1,0,2,2
3,5,Stata,1,6,7,1,7,6,4,5,6,0,0,0,0,1,1,1
4,1,Matlab,0,4,6,7,3,5,7,5,4,1,0,0,0,0,2,2
4,2,R,1,7,2,7,6,4,7,3,1,0,1,0,0,0,1,1
4,3,SAS,0,6,2,7,5,6,2,3,2,0,0,1,0,0,2,2
4,4,SPSS,0,3,7,3,7,5,3,7,5,0,0,0,1,0,2,2
4,5,Stata,0,4,7,1,6,6,5,3,6,0,0,0,0,1,2,2
5,1,Matlab,0,2,1,3,2,6,7,2,7,1,0,0,0,0,2,2
5,2,R,0,2,1,2,1,2,1,1,3,0,1,0,0,0,2,2
5,3,SAS,0,1,6,1,2,2,3,3,4,0,0,1,0,0,2,2
5,4,SPSS,1,1,6,1,7,2,4,6,6,0,0,0,1,0,1,1
5,5,Stata,0,2,4,1,4,7,6,1,7,0,0,0,0,1,2,2
6,1,Matlab,1,4,7,7,6,7,7,2,7,1,0,0,0,0,1,1
6,2,R,0,7,2,1,4,6,2,1,3,0,1,0,0,0,2,2
6,3,SAS,0,1,2,7,5,7,6,6,7,0,0,1,0,0,2,2
6,4,SPSS,0,2,1,6,1,6,2,1,6,0,0,0,1,0,2,2
6,5,Stata,0,4,7,1,3,1,1,2,3,0,0,0,0,1,2,2
7,1,Matlab,1,7,6,7,4,7,7,6,7,1,0,0,0,0,1,1
7,2,R,0,7,1,4,2,2,2,4,2,0,1,0,0,0,2,2
7,3,SAS,0,4,5,2,7,4,6,6,7,0,0,1,0,0,2,2
7,4,SPSS,0,7,7,6,7,6,7,4,3,0,0,0,1,0,2,2
7,5,Stata,0,3,7,1,6,5,2,6,7,0,0,0,0,1,2,2
8,1,Matlab,0,1,5,1,2,3,7,2,7,1,0,0,0,0,2,2
8,2,R,0,7,2,1,2,1,1,4,1,0,1,0,0,0,2,2
8,3,SAS,0,1,7,2,5,2,6,4,4,0,0,1,0,0,2,2
8,4,SPSS,0,1,7,6,6,7,7,6,7,0,0,0,1,0,2,2
8,5,Stata,1,3,5,6,6,4,5,7,4,0,0,0,0,1,1,1
9,1,Matlab,1,5,3,7,5,4,5,6,6,1,0,0,0,0,1,1
9,2,R,0,1,1,7,4,6,7,6,3,0,1,0,0,0,2,2
9,3,SAS,0,3,1,3,1,2,3,2,5,0,0,1,0,0,2,2
9,4,SPSS,0,2,7,7,7,4,7,7,7,0,0,0,1,0,2,2
9,5,Stata,0,1,2,2,3,6,6,1,6,0,0,0,0,1,2,2
10,1,Matlab,0,3,6,1,2,2,1,1,4,1,0,0,0,0,2,2
10,2,R,0,7,1,6,1,5,3,4,2,0,1,0,0,0,2,2
10,3,SAS,1,7,5,3,4,6,6,1,7,0,0,1,0,0,1,1
10,4,SPSS,0,1,6,3,1,2,2,5,6,0,0,0,1,0,2,2
10,5,Stata,0,7,7,2,7,5,7,4,2,0,0,0,0,1,2,2
11,1,Matlab,0,2,1,7,3,4,7,5,7,1,0,0,0,0,2,2
11,2,R,0,3,5,4,4,7,3,6,1,0,1,0,0,0,2,2
11,3,SAS,1,6,7,1,5,2,5,5,1,0,0,1,0,0,1,1
11,4,SPSS,0,2,1,3,1,3,1,1,4,0,0,0,1,0,2,2
11,5,Stata,0,1,3,4,6,6,1,5,3,0,0,0,0,1,2,2
12,1,Matlab,0,2,3,7,3,7,7,1,7,1,0,0,0,0,2,2
12,2,R,0,5,2,7,2,5,2,6,3,0,1,0,0,0,2,2
12,3,SAS,0,2,3,4,1,2,6,1,7,0,0,1,0,0,2,2
12,4,SPSS,0,4,7,3,5,1,3,7,3,0,0,0,1,0,2,2
12,5,Stata,1,7,7,2,4,4,2,4,2,0,0,0,0,1,1,1
13,1,Matlab,0,1,7,7,5,5,7,7,7,1,0,0,0,0,2,2
13,2,R,1,7,6,6,2,7,3,7,2,0,1,0,0,0,1,1
13,3,SAS,0,3,4,3,5,7,3,3,7,0,0,1,0,0,2,2
13,4,SPSS,0,2,7,2,7,6,6,5,7,0,0,0,1,0,2,2
13,5,Stata,0,7,2,7,3,7,7,2,1,0,0,0,0,1,2,2
14,1,Matlab,0,3,7,7,6,6,7,6,7,1,0,0,0,0,2,2
14,2,R,0,7,7,1,6,5,2,2,5,0,1,0,0,0,2,2
14,3,SAS,0,4,2,6,3,2,4,4,4,0,0,1,0,0,2,2
14,4,SPSS,1,7,7,6,7,7,7,7,4,0,0,0,1,0,1,1
14,5,Stata,0,7,7,4,7,7,6,2,6,0,0,0,0,1,2,2
15,1,Matlab,0,5,1,7,1,2,2,6,1,1,0,0,0,0,2,2
15,2,R,1,7,5,2,3,6,1,5,4,0,1,0,0,0,1,1
15,3,SAS,0,1,1,7,3,5,6,5,7,0,0,1,0,0,2,2
15,4,SPSS,0,1,5,7,6,6,7,6,7,0,0,0,1,0,2,2
15,5,Stata,0,1,1,2,2,3,7,1,7,0,0,0,0,1,2,2
16,1,Matlab,0,1,7,3,6,7,7,6,7,1,0,0,0,0,2,2
16,2,R,1,7,5,7,5,7,4,7,1,0,1,0,0,0,1,1
16,3,SAS,0,3,1,7,1,2,2,2,6,0,0,1,0,0,2,2
16,4,SPSS,0,1,6,7,2,4,1,7,7,0,0,0,1,0,2,2
16,5,Stata,0,1,5,1,7,3,7,2,7,0,0,0,0,1,2,2
17,1,Matlab,1,5,5,7,4,7,7,5,7,1,0,0,0,0,1,1
17,2,R,0,7,6,6,2,7,6,4,3,0,1,0,0,0,2,2
17,3,SAS,0,6,4,3,1,1,2,6,2,0,0,1,0,0,2,2
17,4,SPSS,0,5,5,6,4,5,2,7,5,0,0,0,1,0,2,2
17,5,Stata,0,1,2,1,2,3,1,1,6,0,0,0,0,1,2,2
18,1,Matlab,0,5,1,7,1,7,5,6,5,1,0,0,0,0,2,2
18,2,R,0,7,4,3,1,2,2,4,2,0,1,0,0,0,2,2
18,3,SAS,0,2,5,6,7,3,2,7,1,0,0,1,0,0,2,2
18,4,SPSS,1,5,7,3,7,7,7,1,6,0,0,0,1,0,1,1
18,5,Stata,0,1,3,1,6,3,7,2,7,0,0,0,0,1,2,2
19,1,Matlab,1,1,7,7,7,6,7,5,7,1,0,0,0,0,1,1
19,2,R,0,6,1,7,1,2,2,5,2,0,1,0,0,0,2,2
19,3,SAS,0,2,2,2,2,1,4,2,5,0,0,1,0,0,2,2
19,4,SPSS,0,1,1,7,1,2,3,1,3,0,0,0,1,0,2,2
19,5,Stata,0,1,1,1,4,1,2,2,4,0,0,0,0,1,2,2
20,1,Matlab,0,1,6,6,1,4,2,2,6,1,0,0,0,0,2,2
20,2,R,0,7,6,2,6,7,2,6,7,0,1,0,0,0,2,2
20,3,SAS,0,2,1,7,4,7,5,6,4,0,0,1,0,0,2,2
20,4,SPSS,1,7,7,7,7,7,7,6,4,0,0,0,1,0,1,1
20,5,Stata,0,7,5,2,5,3,7,1,5,0,0,0,0,1,2,2
21,1,Matlab,0,1,3,7,6,7,7,5,4,1,0,0,0,0,2,2
21,2,R,0,2,2,1,6,3,4,1,7,0,1,0,0,0,2,2
21,3,SAS,1,5,7,2,5,7,7,1,7,0,0,1,0,0,1,1
21,4,SPSS,0,7,7,1,6,4,4,1,7,0,0,0,1,0,2,2
21,5,Stata,0,6,3,6,6,2,5,2,3,0,0,0,0,1,2,2
22,1,Matlab,1,5,7,7,1,6,6,6,7,1,0,0,0,0,1,1
22,2,R,0,7,7,5,4,7,2,7,4,0,1,0,0,0,2,2
22,3,SAS,0,1,4,1,4,5,3,6,7,0,0,1,0,0,2,2
22,4,SPSS,0,7,7,5,5,2,4,5,7,0,0,0,1,0,2,2
22,5,Stata,0,3,2,3,2,3,3,2,6,0,0,0,0,1,2,2
23,1,Matlab,0,5,1,7,2,3,7,4,4,1,0,0,0,0,2,2
23,2,R,0,7,7,1,3,6,2,4,5,0,1,0,0,0,2,2
23,3,SAS,0,4,5,1,6,1,6,4,3,0,0,1,0,0,2,2
23,4,SPSS,0,1,1,4,3,2,1,5,4,0,0,0,1,0,2,2
23,5,Stata,1,7,7,4,7,2,1,4,1,0,0,0,0,1,1,1
24,1,Matlab,0,1,3,7,3,7,7,1,7,1,0,0,0,0,2,2
24,2,R,1,7,2,2,7,6,3,1,2,0,1,0,0,0,1,1
24,3,SAS,0,4,1,5,1,2,6,1,4,0,0,1,0,0,2,2
24,4,SPSS,0,2,1,7,6,7,1,5,7,0,0,0,1,0,2,2
24,5,Stata,0,2,7,2,2,6,6,4,7,0,0,0,0,1,2,2
25,1,Matlab,0,4,7,1,7,2,5,7,7,1,0,0,0,0,2,2
25,2,R,0,7,7,1,4,5,6,5,2,0,1,0,0,0,2,2
25,3,SAS,0,3,3,7,1,7,3,5,1,0,0,1,0,0,2,2
25,4,SPSS,0,7,7,3,4,6,1,3,6,0,0,0,1,0,2,2
25,5,Stata,1,5,7,5,7,6,6,4,6,0,0,0,0,1,1,1
26,1,Matlab,0,7,1,7,1,6,7,1,7,1,0,0,0,0,2,2
26,2,R,0,3,1,7,1,4,3,6,4,0,1,0,0,0,2,2
26,3,SAS,1,1,6,7,4,7,7,7,7,0,0,1,0,0,1,1
26,4,SPSS,0,1,1,6,2,1,1,7,4,0,0,0,1,0,2,2
26,5,Stata,0,1,1,5,3,2,4,2,7,0,0,0,0,1,2,2
27,1,Matlab,1,7,7,7,7,7,7,6,6,1,0,0,0,0,1,1
27,2,R,0,5,6,3,5,6,3,6,7,0,1,0,0,0,2,2
27,3,SAS,0,6,4,7,2,7,5,1,1,0,0,1,0,0,2,2
27,4,SPSS,0,1,4,4,6,5,1,6,7,0,0,0,1,0,2,2
27,5,Stata,0,3,7,3,5,5,4,7,6,0,0,0,0,1,2,2
28,1,Matlab,0,4,7,1,2,5,2,7,4,1,0,0,0,0,2,2
28,2,R,1,5,7,4,6,7,7,5,7,0,1,0,0,0,1,1
28,3,SAS,0,6,4,6,5,6,6,3,7,0,0,1,0,0,2,2
28,4,SPSS,0,1,7,1,7,7,2,7,6,0,0,0,1,0,2,2
28,5,Stata,0,5,1,1,1,1,3,2,3,0,0,0,0,1,2,2
29,1,Matlab,0,7,3,7,1,6,7,1,7,1,0,0,0,0,2,2
29,2,R,0,6,1,7,6,7,2,7,3,0,1,0,0,0,2,2
29,3,SAS,0,1,1,5,1,2,1,6,2,0,0,1,0,0,2,2
29,4,SPSS,1,7,7,7,6,5,7,6,6,0,0,0,1,0,1,1
29,5,Stata,0,1,7,1,7,6,7,7,7,0,0,0,0,1,2,2
30,1,Matlab,0,3,1,7,1,5,2,5,3,1,0,0,0,0,2,2
30,2,R,1,7,4,7,7,6,6,6,2,0,1,0,0,0,1,1
30,3,SAS,0,7,6,6,7,6,7,4,3,0,0,1,0,0,2,2
30,4,SPSS,0,5,7,3,4,1,1,5,6,0,0,0,1,0,2,2
30,5,Stata,0,1,7,1,5,5,2,2,1,0,0,0,0,1,2,2
31,1,Matlab,0,6,4,1,4,1,7,1,6,1,0,0,0,0,2,2
31,2,R,0,2,2,5,3,3,2,4,6,0,1,0,0,0,2,2
31,3,SAS,0,1,6,5,5,7,1,6,7,0,0,1,0,0,2,2
31,4,SPSS,0,4,3,4,5,2,6,5,7,0,0,0,1,0,2,2
31,5,Stata,1,7,7,3,7,1,7,3,1,0,0,0,0,1,1,1
32,1,Matlab,1,3,6,6,7,7,7,2,7,1,0,0,0,0,1,1
32,2,R,0,7,2,7,5,5,7,2,4,0,1,0,0,0,2,2
32,3,SAS,0,2,5,6,3,1,1,7,3,0,0,1,0,0,2,2
32,4,SPSS,0,1,1,3,5,1,3,4,7,0,0,0,1,0,2,2
32,5,Stata,0,6,7,6,6,6,7,2,6,0,0,0,0,1,2,2
33,1,Matlab,1,7,4,7,4,4,6,6,6,1,0,0,0,0,1,1
33,2,R,0,7,7,6,5,7,5,4,4,0,1,0,0,0,2,2
33,3,SAS,0,3,1,7,2,5,1,6,1,0,0,1,0,0,2,2
33,4,SPSS,0,2,3,5,3,7,2,4,6,0,0,0,1,0,2,2
33,5,Stata,0,3,7,5,6,6,6,3,3,0,0,0,0,1,2,2
34,1,Matlab,0,1,4,4,3,1,6,2,7,1,0,0,0,0,2,2
34,2,R,1,7,4,3,6,1,7,7,5,0,1,0,0,0,1,1
34,3,SAS,0,6,1,5,2,5,1,1,6,0,0,1,0,0,2,2
34,4,SPSS,0,6,7,6,7,3,7,4,7,0,0,0,1,0,2,2
34,5,Stata,0,7,7,1,7,4,7,1,4,0,0,0,0,1,2,2
35,1,Matlab,0,6,4,7,3,1,7,1,7,1,0,0,0,0,2,2
35,2,R,0,2,6,1,5,6,1,6,4,0,1,0,0,0,2,2
35,3,SAS,0,7,4,6,7,2,5,3,2,0,0,1,0,0,2,2
35,4,SPSS,1,6,7,2,6,3,6,6,7,0,0,0,1,0,1,1
35,5,Stata,0,1,1,2,2,2,1,1,2,0,0,0,0,1,2,2
36,1,Matlab,0,2,1,7,6,6,4,6,2,1,0,0,0,0,2,2
36,2,R,1,7,5,7,7,7,7,7,4,0,1,0,0,0,1,1
36,3,SAS,0,1,4,5,2,3,6,3,3,0,0,1,0,0,2,2
36,4,SPSS,0,1,1,7,4,3,7,5,6,0,0,0,1,0,2,2
36,5,Stata,0,5,7,1,6,6,7,7,7,0,0,0,0,1,2,2
37,1,Matlab,1,5,3,7,5,7,7,7,2,1,0,0,0,0,1,1
37,2,R,0,3,5,2,2,6,2,1,7,0,1,0,0,0,2,2
37,3,SAS,0,1,5,3,3,3,6,3,4,0,0,1,0,0,2,2
37,4,SPSS,0,4,2,7,2,5,1,2,1,0,0,0,1,0,2,2
37,5,Stata,0,1,4,2,2,5,4,1,4,0,0,0,0,1,2,2
38,1,Matlab,0,2,2,2,2,5,2,1,7,1,0,0,0,0,2,2
38,2,R,0,2,1,2,3,2,2,4,5,0,1,0,0,0,2,2
38,3,SAS,0,1,6,3,4,3,3,6,3,0,0,1,0,0,2,2
38,4,SPSS,0,7,6,5,2,1,7,1,6,0,0,0,1,0,2,2
38,5,Stata,1,7,7,3,5,6,7,3,6,0,0,0,0,1,1,1
39,1,Matlab,0,6,1,4,1,6,7,1,7,1,0,0,0,0,2,2
39,2,R,0,7,6,6,6,6,3,6,1,0,1,0,0,0,2,2
39,3,SAS,0,1,3,1,3,1,2,3,5,0,0,1,0,0,2,2
39,4,SPSS,1,4,7,6,6,7,5,7,7,0,0,0,1,0,1,1
39,5,Stata,0,7,7,1,5,2,7,1,3,0,0,0,0,1,2,2
40,1,Matlab,0,1,4,7,2,7,7,7,7,1,0,0,0,0,2,2
40,2,R,0,1,4,7,4,7,2,7,7,0,1,0,0,0,2,2
40,3,SAS,0,7,1,7,5,2,7,7,1,0,0,1,0,0,2,2
40,4,SPSS,0,1,7,1,3,3,2,6,7,0,0,0,1,0,2,2
40,5,Stata,1,5,7,7,7,6,7,7,6,0,0,0,0,1,1,1
41,1,Matlab,0,2,1,7,2,6,7,5,7,1,0,0,0,0,2,2
41,2,R,1,6,3,5,6,7,1,7,1,0,1,0,0,0,1,1
41,3,SAS,0,1,3,5,4,2,6,6,4,0,0,1,0,0,2,2
41,4,SPSS,0,6,6,1,6,6,7,1,6,0,0,0,1,0,2,2
41,5,Stata,0,4,7,1,7,5,6,2,6,0,0,0,0,1,2,2
42,1,Matlab,0,6,7,1,7,7,7,2,7,1,0,0,0,0,2,2
42,2,R,0,5,4,6,6,7,3,7,7,0,1,0,0,0,2,2
42,3,SAS,1,6,6,4,7,5,6,2,7,0,0,1,0,0,1,1
42,4,SPSS,0,7,1,6,1,6,4,1,4,0,0,0,1,0,2,2
42,5,Stata,0,4,5,6,7,5,3,6,5,0,0,0,0,1,2,2
43,1,Matlab,0,2,3,2,5,2,5,7,7,1,0,0,0,0,2,2
43,2,R,1,7,7,3,6,6,5,6,5,0,1,0,0,0,1,1
43,3,SAS,0,3,2,7,2,5,2,3,7,0,0,1,0,0,2,2
43,4,SPSS,0,4,5,1,6,1,3,2,7,0,0,0,1,0,2,2
43,5,Stata,0,5,6,5,6,6,5,3,7,0,0,0,0,1,2,2
44,1,Matlab,0,1,3,2,4,1,4,5,7,1,0,0,0,0,2,2
44,2,R,0,1,1,7,2,5,7,3,2,0,1,0,0,0,2,2
44,3,SAS,1,7,3,7,2,2,5,5,2,0,0,1,0,0,1,1
44,4,SPSS,0,3,7,1,5,5,5,7,5,0,0,0,1,0,2,2
44,5,Stata,0,7,3,2,5,3,7,2,7,0,0,0,0,1,2,2
45,1,Matlab,1,7,7,7,5,2,7,6,7,1,0,0,0,0,1,1
45,2,R,0,7,3,5,3,6,3,3,2,0,1,0,0,0,2,2
45,3,SAS,0,7,7,2,7,7,5,1,7,0,0,1,0,0,2,2
45,4,SPSS,0,3,7,7,7,7,1,7,3,0,0,0,1,0,2,2
45,5,Stata,0,6,7,1,6,6,5,2,7,0,0,0,0,1,2,2
46,1,Matlab,1,6,7,7,6,6,7,6,6,1,0,0,0,0,1,1
46,2,R,0,6,4,7,7,7,4,7,2,0,1,0,0,0,2,2
46,3,SAS,0,1,1,7,1,4,1,6,5,0,0,1,0,0,2,2
46,4,SPSS,0,4,7,2,7,7,5,6,7,0,0,0,1,0,2,2
46,5,Stata,0,7,7,7,3,7,6,7,1,0,0,0,0,1,2,2
47,1,Matlab,0,1,1,7,1,3,1,6,2,1,0,0,0,0,2,2
47,2,R,0,7,1,7,2,3,2,6,5,0,1,0,0,0,2,2
47,3,SAS,0,5,1,7,1,6,3,2,3,0,0,1,0,0,2,2
47,4,SPSS,1,6,7,2,3,1,6,6,2,0,0,0,1,0,1,1
47,5,Stata,0,1,1,6,1,1,2,1,2,0,0,0,0,1,2,2
48,1,Matlab,1,5,7,7,7,7,7,7,7,1,0,0,0,0,1,1
48,2,R,0,7,6,2,3,7,1,4,3,0,1,0,0,0,2,2
48,3,SAS,0,6,5,7,1,7,6,2,7,0,0,1,0,0,2,2
48,4,SPSS,0,6,7,5,7,4,6,6,2,0,0,0,1,0,2,2
48,5,Stata,0,1,5,1,4,7,7,1,7,0,0,0,0,1,2,2
49,1,Matlab,0,7,3,7,2,7,3,4,5,1,0,0,0,0,2,2
49,2,R,1,6,7,5,6,6,3,7,7,0,1,0,0,0,1,1
49,3,SAS,0,5,1,7,7,6,4,2,6,0,0,1,0,0,2,2
49,4,SPSS,0,7,2,3,1,1,6,1,5,0,0,0,1,0,2,2
49,5,Stata,0,2,1,7,3,3,7,2,7,0,0,0,0,1,2,2
50,1,Matlab,0,5,1,7,1,1,1,3,2,1,0,0,0,0,2,2
50,2,R,0,7,7,1,2,7,3,4,6,0,1,0,0,0,2,2
50,3,SAS,0,7,1,3,7,2,5,3,5,0,0,1,0,0,2,2
50,4,SPSS,1,6,7,6,4,7,4,5,3,0,0,0,1,0,1,1
50,5,Stata,0,7,4,5,1,1,7,1,1,0,0,0,0,1,2,2
51,1,Matlab,0,7,2,7,3,2,7,3,2,1,0,0,0,0,2,2
51,2,R,0,7,2,7,1,2,2,3,4,0,1,0,0,0,2,2
51,3,SAS,0,5,7,1,6,2,6,6,6,0,0,1,0,0,2,2
51,4,SPSS,0,7,5,7,2,3,3,4,3,0,0,0,1,0,2,2
51,5,Stata,1,7,7,6,5,3,7,2,4,0,0,0,0,1,1,1
52,1,Matlab,0,1,4,2,7,4,2,5,3,1,0,0,0,0,2,2
52,2,R,0,6,1,4,1,1,1,1,1,0,1,0,0,0,2,2
52,3,SAS,0,7,7,4,5,7,7,1,5,0,0,1,0,0,2,2
52,4,SPSS,0,1,3,6,1,2,1,4,5,0,0,0,1,0,2,2
52,5,Stata,1,7,7,1,6,6,1,4,2,0,0,0,0,1,1,1
53,1,Matlab,0,4,7,2,6,6,6,6,7,1,0,0,0,0,2,2
53,2,R,0,7,1,7,5,2,6,7,1,0,1,0,0,0,2,2
53,3,SAS,1,6,7,1,7,6,6,3,6,0,0,1,0,0,1,1
53,4,SPSS,0,1,5,2,7,1,6,6,2,0,0,0,1,0,2,2
53,5,Stata,0,4,3,2,6,3,2,2,7,0,0,0,0,1,2,2
54,1,Matlab,0,1,1,7,2,6,4,2,7,1,0,0,0,0,2,2
54,2,R,0,7,7,1,7,6,6,4,6,0,1,0,0,0,2,2
54,3,SAS,0,2,1,7,2,5,1,3,2,0,0,1,0,0,2,2
54,4,SPSS,0,3,7,2,7,1,5,5,3,0,0,0,1,0,2,2
54,5,Stata,1,5,7,7,6,6,5,7,5,0,0,0,0,1,1,1
55,1,Matlab,0,1,5,7,4,3,7,7,7,1,0,0,0,0,2,2
55,2,R,1,7,1,6,3,3,6,7,3,0,1,0,0,0,1,1
55,3,SAS,0,1,1,3,1,1,1,4,7,0,0,1,0,0,2,2
55,4,SPSS,0,4,1,5,4,2,7,4,7,0,0,0,1,0,2,2
55,5,Stata,0,6,4,6,5,1,6,1,1,0,0,0,0,1,2,2
56,1,Matlab,0,1,1,5,2,2,4,1,4,1,0,0,0,0,2,2
56,2,R,1,4,7,1,7,6,1,6,2,0,1,0,0,0,1,1
56,3,SAS,0,2,1,6,1,2,5,3,7,0,0,1,0,0,2,2
56,4,SPSS,0,7,4,7,7,6,6,5,4,0,0,0,1,0,2,2
56,5,Stata,0,6,7,3,6,7,6,3,7,0,0,0,0,1,2,2
57,1,Matlab,0,4,1,7,1,5,7,2,5,1,0,0,0,0,2,2
57,2,R,0,3,4,3,2,3,1,3,2,0,1,0,0,0,2,2
57,3,SAS,0,1,2,4,5,2,1,6,3,0,0,1,0,0,2,2
57,4,SPSS,0,6,7,7,1,7,4,4,7,0,0,0,1,0,2,2
57,5,Stata,1,7,7,4,5,3,6,3,5,0,0,0,0,1,1,1
58,1,Matlab,0,2,7,5,6,7,4,3,2,1,0,0,0,0,2,2
58,2,R,0,5,7,2,3,2,6,4,6,0,1,0,0,0,2,2
58,3,SAS,1,7,7,2,7,7,7,6,6,0,0,1,0,0,1,1
58,4,SPSS,0,3,2,7,6,5,6,7,7,0,0,0,1,0,2,2
58,5,Stata,0,2,1,7,1,4,2,3,3,0,0,0,0,1,2,2
59,1,Matlab,0,6,5,7,4,6,6,6,1,1,0,0,0,0,2,2
59,2,R,1,7,4,6,6,5,3,7,6,0,1,0,0,0,1,1
59,3,SAS,0,7,7,3,7,6,1,2,2,0,0,1,0,0,2,2
59,4,SPSS,0,7,7,4,7,7,5,3,4,0,0,0,1,0,2,2
59,5,Stata,0,3,7,3,4,5,3,3,6,0,0,0,0,1,2,2
60,1,Matlab,0,2,7,7,4,7,2,3,4,1,0,0,0,0,2,2
60,2,R,0,1,1,3,1,2,1,3,2,0,1,0,0,0,2,2
60,3,SAS,1,2,7,1,5,4,3,5,4,0,0,1,0,0,1,1
60,4,SPSS,0,4,3,3,3,5,1,1,2,0,0,0,1,0,2,2
60,5,Stata,0,3,7,2,6,5,6,2,7,0,0,0,0,1,2,2
61,1,Matlab,1,3,7,1,5,7,7,5,7,1,0,0,0,0,1,1
61,2,R,0,7,1,6,3,1,6,5,1,0,1,0,0,0,2,2
61,3,SAS,0,5,6,6,4,5,5,6,2,0,0,1,0,0,2,2
61,4,SPSS,0,4,6,2,1,2,2,1,5,0,0,0,1,0,2,2
61,5,Stata,0,3,7,1,3,6,2,5,1,0,0,0,0,1,2,2
62,1,Matlab,1,5,7,7,6,6,6,7,5,1,0,0,0,0,1,1
62,2,R,0,2,4,2,1,3,4,6,5,0,1,0,0,0,2,2
62,3,SAS,0,6,6,5,3,5,1,4,2,0,0,1,0,0,2,2
62,4,SPSS,0,7,1,7,7,7,7,6,6,0,0,0,1,0,2,2
62,5,Stata,0,6,2,1,5,4,2,1,3,0,0,0,0,1,2,2
63,1,Matlab,1,6,5,7,7,7,7,6,7,1,0,0,0,0,1,1
63,2,R,0,3,1,5,1,1,4,7,5,0,1,0,0,0,2,2
63,3,SAS,0,6,2,3,7,5,7,2,6,0,0,1,0,0,2,2
63,4,SPSS,0,3,1,4,7,6,7,6,7,0,0,0,1,0,2,2
63,5,Stata,0,5,1,7,2,2,6,5,6,0,0,0,0,1,2,2
64,1,Matlab,0,1,7,5,6,7,5,7,7,1,0,0,0,0,2,2
64,2,R,0,2,1,5,1,1,2,5,2,0,1,0,0,0,2,2
64,3,SAS,0,1,6,2,6,1,4,6,6,0,0,1,0,0,2,2
64,4,SPSS,0,6,1,6,2,5,7,2,6,0,0,0,1,0,2,2
64,5,Stata,1,5,7,4,7,2,7,3,5,0,0,0,0,1,1,1
65,1,Matlab,0,1,2,2,4,5,5,5,6,1,0,0,0,0,2,2
65,2,R,0,5,2,1,3,7,3,4,2,0,1,0,0,0,2,2
65,3,SAS,0,1,1,3,1,1,2,3,1,0,0,1,0,0,2,2
65,4,SPSS,0,2,5,3,6,3,6,5,6,0,0,0,1,0,2,2
65,5,Stata,1,3,7,2,7,6,1,6,4,0,0,0,0,1,1,1
66,1,Matlab,1,7,7,5,6,7,7,2,6,1,0,0,0,0,1,1
66,2,R,0,7,7,2,4,7,6,1,7,0,1,0,0,0,2,2
66,3,SAS,0,4,4,6,2,2,6,5,3,0,0,1,0,0,2,2
66,4,SPSS,0,6,7,5,7,2,1,6,5,0,0,0,1,0,2,2
66,5,Stata,0,6,7,4,5,5,7,2,5,0,0,0,0,1,2,2
67,1,Matlab,0,4,1,7,2,6,7,2,5,1,0,0,0,0,2,2
67,2,R,0,7,6,6,1,7,1,6,1,0,1,0,0,0,2,2
67,3,SAS,0,1,4,2,1,1,1,6,6,0,0,1,0,0,2,2
67,4,SPSS,1,5,7,6,7,5,7,2,5,0,0,0,1,0,1,1
67,5,Stata,0,6,2,7,1,7,3,3,1,0,0,0,0,1,2,2
68,1,Matlab,1,5,7,5,6,7,5,6,6,1,0,0,0,0,1,1
68,2,R,0,7,3,6,3,5,1,7,1,0,1,0,0,0,2,2
68,3,SAS,0,4,1,1,3,1,6,1,4,0,0,1,0,0,2,2
68,4,SPSS,0,2,3,2,2,6,2,2,6,0,0,0,1,0,2,2
68,5,Stata,0,5,1,7,1,5,1,3,1,0,0,0,0,1,2,2
69,1,Matlab,0,1,3,7,2,7,1,6,2,1,0,0,0,0,2,2
69,2,R,1,7,6,6,4,5,7,7,1,0,1,0,0,0,1,1
69,3,SAS,0,6,7,2,3,1,5,3,4,0,0,1,0,0,2,2
69,4,SPSS,0,3,7,3,7,7,7,6,7,0,0,0,1,0,2,2
69,5,Stata,0,3,7,1,6,7,2,2,5,0,0,0,0,1,2,2
70,1,Matlab,0,2,1,7,4,7,7,4,6,1,0,0,0,0,2,2
70,2,R,1,7,7,3,5,7,5,6,6,0,1,0,0,0,1,1
70,3,SAS,0,5,6,1,3,1,2,1,6,0,0,1,0,0,2,2
70,4,SPSS,0,1,2,3,1,5,2,4,7,0,0,0,1,0,2,2
70,5,Stata,0,5,5,4,6,6,7,4,5,0,0,0,0,1,2,2
71,1,Matlab,0,1,1,7,1,6,7,5,6,1,0,0,0,0,2,2
71,2,R,0,3,7,1,4,7,6,6,5,0,1,0,0,0,2,2
71,3,SAS,0,3,7,1,2,6,4,1,7,0,0,1,0,0,2,2
71,4,SPSS,0,7,2,5,1,3,4,3,2,0,0,0,1,0,2,2
71,5,Stata,1,7,7,5,6,5,6,3,4,0,0,0,0,1,1,1
72,1,Matlab,0,1,1,7,1,4,3,2,7,1,0,0,0,0,2,2
72,2,R,0,2,6,6,7,7,3,6,5,0,1,0,0,0,2,2
72,3,SAS,1,6,7,6,4,6,4,3,6,0,0,1,0,0,1,1
72,4,SPSS,0,1,7,1,7,7,6,6,7,0,0,0,1,0,2,2
72,5,Stata,0,4,1,1,1,1,1,1,2,0,0,0,0,1,2,2
73,1,Matlab,0,4,6,5,5,2,1,3,2,1,0,0,0,0,2,2
73,2,R,0,4,3,7,4,7,4,6,6,0,1,0,0,0,2,2
73,3,SAS,0,7,5,2,2,2,7,2,7,0,0,1,0,0,2,2
73,4,SPSS,0,1,7,3,6,2,1,7,1,0,0,0,1,0,2,2
73,5,Stata,1,6,7,6,5,4,1,5,3,0,0,0,0,1,1,1
74,1,Matlab,0,1,4,1,6,4,7,5,7,1,0,0,0,0,2,2
74,2,R,0,1,5,4,7,6,2,6,3,0,1,0,0,0,2,2
74,3,SAS,1,7,7,4,7,4,6,7,2,0,0,1,0,0,1,1
74,4,SPSS,0,3,1,5,5,1,7,3,6,0,0,0,1,0,2,2
74,5,Stata,0,7,7,2,7,5,7,7,6,0,0,0,0,1,2,2
75,1,Matlab,0,1,6,6,1,3,2,4,7,1,0,0,0,0,2,2
75,2,R,0,7,7,1,5,7,7,3,2,0,1,0,0,0,2,2
75,3,SAS,0,4,6,4,6,5,5,7,6,0,0,1,0,0,2,2
75,4,SPSS,1,7,7,4,7,6,6,7,6,0,0,0,1,0,1,1
75,5,Stata,0,3,7,3,5,6,7,3,7,0,0,0,0,1,2,2
76,1,Matlab,0,2,2,7,1,4,7,5,4,1,0,0,0,0,2,2
76,2,R,1,7,6,4,7,4,1,7,6,0,1,0,0,0,1,1
76,3,SAS,0,7,6,3,5,6,6,1,1,0,0,1,0,0,2,2
76,4,SPSS,0,3,7,5,5,5,6,5,7,0,0,0,1,0,2,2
76,5,Stata,0,1,5,2,4,4,4,6,1,0,0,0,0,1,2,2
77,1,Matlab,0,3,1,7,1,6,7,4,5,1,0,0,0,0,2,2
77,2,R,0,2,1,7,1,5,5,7,7,0,1,0,0,0,2,2
77,3,SAS,1,7,4,6,1,3,7,1,3,0,0,1,0,0,1,1
77,4,SPSS,0,1,1,4,6,1,2,5,7,0,0,0,1,0,2,2
77,5,Stata,0,1,4,6,2,5,1,3,2,0,0,0,0,1,2,2
78,1,Matlab,0,6,7,1,4,2,7,1,6,1,0,0,0,0,2,2
78,2,R,0,1,1,7,1,6,6,7,6,0,1,0,0,0,2,2
78,3,SAS,0,5,1,7,1,1,5,1,1,0,0,1,0,0,2,2
78,4,SPSS,1,7,7,1,7,4,3,4,1,0,0,0,1,0,1,1
78,5,Stata,0,1,6,1,5,7,3,2,7,0,0,0,0,1,2,2
79,1,Matlab,0,1,6,1,3,1,3,1,7,1,0,0,0,0,2,2
79,2,R,0,7,2,4,5,4,1,7,2,0,1,0,0,0,2,2
79,3,SAS,0,1,5,4,2,5,1,2,6,0,0,1,0,0,2,2
79,4,SPSS,0,1,7,1,7,3,1,7,6,0,0,0,1,0,2,2
79,5,Stata,1,5,7,6,1,1,4,7,5,0,0,0,0,1,1,1
80,1,Matlab,0,1,1,3,5,7,2,6,4,1,0,0,0,0,2,2
80,2,R,1,7,3,5,6,2,4,6,1,0,1,0,0,0,1,1
80,3,SAS,0,1,2,6,1,4,5,6,7,0,0,1,0,0,2,2
80,4,SPSS,0,2,7,5,4,3,1,6,3,0,0,0,1,0,2,2
80,5,Stata,0,7,3,7,4,6,7,6,5,0,0,0,0,1,2,2
81,1,Matlab,0,1,6,7,1,2,6,2,5,1,0,0,0,0,2,2
81,2,R,0,7,5,7,5,7,5,4,6,0,1,0,0,0,2,2
81,3,SAS,0,3,2,5,2,7,6,2,6,0,0,1,0,0,2,2
81,4,SPSS,0,3,5,5,7,7,2,5,7,0,0,0,1,0,2,2
81,5,Stata,1,5,7,7,6,7,7,5,4,0,0,0,0,1,1,1
82,1,Matlab,0,2,2,7,1,7,4,5,1,1,0,0,0,0,2,2
82,2,R,0,2,1,4,3,1,2,7,1,0,1,0,0,0,2,2
82,3,SAS,0,1,3,2,3,2,2,6,3,0,0,1,0,0,2,2
82,4,SPSS,1,5,6,5,6,6,5,7,1,0,0,0,1,0,1,1
82,5,Stata,0,2,7,3,7,7,5,6,7,0,0,0,0,1,2,2
83,1,Matlab,1,5,7,7,6,7,7,7,7,1,0,0,0,0,1,1
83,2,R,0,7,7,2,7,7,7,3,6,0,1,0,0,0,2,2
83,3,SAS,0,3,6,3,6,7,7,1,7,0,0,1,0,0,2,2
83,4,SPSS,0,5,2,5,7,1,5,5,1,0,0,0,1,0,2,2
83,5,Stata,0,3,7,2,6,3,6,7,7,0,0,0,0,1,2,2
84,1,Matlab,1,6,7,1,7,1,7,7,7,1,0,0,0,0,1,1
84,2,R,0,6,1,7,2,5,2,4,2,0,1,0,0,0,2,2
84,3,SAS,0,2,2,2,3,5,1,5,2,0,0,1,0,0,2,2
84,4,SPSS,0,7,7,5,7,7,7,5,7,0,0,0,1,0,2,2
84,5,Stata,0,2,7,1,7,5,5,7,2,0,0,0,0,1,2,2
85,1,Matlab,0,4,6,2,3,3,6,2,7,1,0,0,0,0,2,2
85,2,R,1,7,5,7,2,4,5,4,2,0,1,0,0,0,1,1
85,3,SAS,0,1,2,4,2,3,5,6,4,0,0,1,0,0,2,2
85,4,SPSS,0,3,1,4,4,1,6,1,7,0,0,0,1,0,2,2
85,5,Stata,0,1,7,1,5,3,3,2,7,0,0,0,0,1,2,2
86,1,Matlab,0,2,5,2,2,3,7,2,7,1,0,0,0,0,2,2
86,2,R,1,7,6,2,4,7,1,6,2,0,1,0,0,0,1,1
86,3,SAS,0,6,7,1,7,6,4,1,5,0,0,1,0,0,2,2
86,4,SPSS,0,2,7,2,4,2,1,7,2,0,0,0,1,0,2,2
86,5,Stata,0,7,7,1,6,7,7,2,6,0,0,0,0,1,2,2
87,1,Matlab,0,2,6,2,6,6,5,1,4,1,0,0,0,0,2,2
87,2,R,1,6,7,6,1,6,3,6,6,0,1,0,0,0,1,1
87,3,SAS,0,3,3,6,5,6,6,6,3,0,0,1,0,0,2,2
87,4,SPSS,0,3,5,5,6,2,5,5,4,0,0,0,1,0,2,2
87,5,Stata,0,4,7,1,3,5,5,1,4,0,0,0,0,1,2,2
88,1,Matlab,0,1,4,5,6,6,4,2,3,1,0,0,0,0,2,2
88,2,R,0,2,7,4,3,7,2,3,5,0,1,0,0,0,2,2
88,3,SAS,1,7,5,3,5,2,6,1,1,0,0,1,0,0,1,1
88,4,SPSS,0,1,7,3,7,5,2,7,1,0,0,0,1,0,2,2
88,5,Stata,0,7,7,3,7,3,3,2,1,0,0,0,0,1,2,2
89,1,Matlab,0,4,6,1,5,3,7,1,7,1,0,0,0,0,2,2
89,2,R,0,3,6,7,6,6,6,5,7,0,1,0,0,0,2,2
89,3,SAS,0,1,2,1,5,5,3,1,5,0,0,1,0,0,2,2
89,4,SPSS,0,5,2,7,2,3,6,5,2,0,0,0,1,0,2,2
89,5,Stata,1,7,6,6,7,5,7,3,6,0,0,0,0,1,1,1
90,1,Matlab,1,5,5,7,5,7,7,5,7,1,0,0,0,0,1,1
90,2,R,0,7,5,4,7,6,6,3,6,0,1,0,0,0,2,2
90,3,SAS,0,1,1,7,1,1,4,5,5,0,0,1,0,0,2,2
90,4,SPSS,0,1,7,7,3,7,6,6,6,0,0,0,1,0,2,2
90,5,Stata,0,6,7,1,6,5,4,1,7,0,0,0,0,1,2,2
91,1,Matlab,1,7,6,7,4,3,6,4,3,1,0,0,0,0,1,1
91,2,R,0,1,2,4,4,6,1,6,3,0,1,0,0,0,2,2
91,3,SAS,0,1,4,1,1,5,1,1,7,0,0,1,0,0,2,2
91,4,SPSS,0,4,2,5,4,6,5,3,7,0,0,0,1,0,2,2
91,5,Stata,0,4,3,2,1,1,7,4,6,0,0,0,0,1,2,2
92,1,Matlab,0,1,3,7,3,5,7,2,7,1,0,0,0,0,2,2
92,2,R,0,2,1,7,1,5,1,6,3,0,1,0,0,0,2,2
92,3,SAS,0,5,7,1,4,5,4,5,3,0,0,1,0,0,2,2
92,4,SPSS,0,1,7,1,3,4,2,2,7,0,0,0,1,0,2,2
92,5,Stata,1,7,6,7,6,6,5,7,1,0,0,0,0,1,1,1
93,1,Matlab,0,1,5,7,3,6,7,7,3,1,0,0,0,0,2,2
93,2,R,0,2,3,6,2,5,2,6,1,0,1,0,0,0,2,2
93,3,SAS,0,1,6,1,3,3,2,4,4,0,0,1,0,0,2,2
93,4,SPSS,0,1,4,1,5,7,1,2,7,0,0,0,1,0,2,2
93,5,Stata,1,6,7,6,6,7,5,6,3,0,0,0,0,1,1,1
94,1,Matlab,0,3,1,7,1,4,1,1,3,1,0,0,0,0,2,2
94,2,R,0,2,1,1,1,2,3,3,1,0,1,0,0,0,2,2
94,3,SAS,0,6,1,7,2,5,7,3,7,0,0,1,0,0,2,2
94,4,SPSS,0,4,3,2,7,1,5,5,4,0,0,0,1,0,2,2
94,5,Stata,1,7,7,5,7,7,3,5,6,0,0,0,0,1,1,1
95,1,Matlab,1,5,7,7,6,6,7,5,4,1,0,0,0,0,1,1
95,2,R,0,6,2,2,1,6,1,5,2,0,1,0,0,0,2,2
95,3,SAS,0,4,2,7,1,6,5,2,7,0,0,1,0,0,2,2
95,4,SPSS,0,3,6,7,5,6,5,4,7,0,0,0,1,0,2,2
95,5,Stata,0,6,7,3,7,3,7,4,4,0,0,0,0,1,2,2
96,1,Matlab,0,7,5,7,2,3,7,4,1,1,0,0,0,0,2,2
96,2,R,0,1,1,7,2,6,3,7,1,0,1,0,0,0,2,2
96,3,SAS,0,1,5,1,3,5,3,1,6,0,0,1,0,0,2,2
96,4,SPSS,0,2,2,2,3,1,1,3,2,0,0,0,1,0,2,2
96,5,Stata,1,5,7,7,6,7,3,6,5,0,0,0,0,1,1,1
97,1,Matlab,0,5,7,6,5,4,7,7,6,1,0,0,0,0,2,2
97,2,R,0,7,3,5,5,5,5,1,4,0,1,0,0,0,2,2
97,3,SAS,0,4,6,7,7,7,7,7,7,0,0,1,0,0,2,2
97,4,SPSS,1,7,7,7,7,7,7,7,6,0,0,0,1,0,1,1
97,5,Stata,0,2,3,2,2,4,1,2,7,0,0,0,0,1,2,2
98,1,Matlab,0,5,6,7,4,1,7,7,3,1,0,0,0,0,2,2
98,2,R,0,7,6,1,6,7,3,1,6,0,1,0,0,0,2,2
98,3,SAS,1,7,7,2,7,4,1,6,5,0,0,1,0,0,1,1
98,4,SPSS,0,1,7,1,7,6,1,6,6,0,0,0,1,0,2,2
98,5,Stata,0,7,7,5,1,3,1,7,1,0,0,0,0,1,2,2
99,1,Matlab,0,1,4,1,4,1,1,4,4,1,0,0,0,0,2,2
99,2,R,1,7,7,1,7,7,5,2,5,0,1,0,0,0,1,1
99,3,SAS,0,7,5,7,5,7,4,1,6,0,0,1,0,0,2,2
99,4,SPSS,0,7,7,1,7,7,4,6,5,0,0,0,1,0,2,2
99,5,Stata,0,1,3,7,2,2,3,7,5,0,0,0,0,1,2,2
100,1,Matlab,0,4,7,1,4,7,7,1,7,1,0,0,0,0,2,2
100,2,R,0,1,1,6,5,6,1,6,3,0,1,0,0,0,2,2
100,3,SAS,1,6,6,6,7,2,6,5,2,0,0,1,0,0,1,1
100,4,SPSS,0,1,5,1,7,3,2,5,7,0,0,0,1,0,2,2
100,5,Stata,0,6,7,1,3,5,3,1,3,0,0,0,0,1,2,2
101,1,Matlab,0,2,3,2,4,7,7,1,7,1,0,0,0,0,2,2
101,2,R,0,7,3,2,2,1,1,3,1,0,1,0,0,0,2,2
101,3,SAS,0,3,7,5,3,3,6,3,7,0,0,1,0,0,2,2
101,4,SPSS,0,2,7,1,7,3,3,7,7,0,0,0,1,0,2,2
101,5,Stata,1,4,7,1,6,4,2,7,1,0,0,0,0,1,1,1
102,1,Matlab,0,5,6,1,2,4,7,1,7,1,0,0,0,0,2,2
102,2,R,0,2,1,1,1,1,1,4,3,0,1,0,0,0,2,2
102,3,SAS,0,2,5,7,3,7,4,5,6,0,0,1,0,0,2,2
102,4,SPSS,1,7,7,4,6,6,6,2,1,0,0,0,1,0,1,1
102,5,Stata,0,5,7,1,7,6,5,2,6,0,0,0,0,1,2,2
103,1,Matlab,0,1,7,7,3,7,3,7,7,1,0,0,0,0,2,2
103,2,R,0,1,2,6,4,6,2,7,7,0,1,0,0,0,2,2
103,3,SAS,0,5,5,2,5,6,6,1,7,0,0,1,0,0,2,2
103,4,SPSS,0,4,1,7,3,5,5,5,2,0,0,0,1,0,2,2
103,5,Stata,1,7,6,6,5,3,7,4,6,0,0,0,0,1,1,1
104,1,Matlab,1,7,7,6,1,2,7,4,2,1,0,0,0,0,1,1
104,2,R,0,6,3,1,4,7,3,2,6,0,1,0,0,0,2,2
104,3,SAS,0,5,5,7,2,7,6,2,6,0,0,1,0,0,2,2
104,4,SPSS,0,1,6,1,3,2,3,5,7,0,0,0,1,0,2,2
104,5,Stata,0,2,7,2,7,6,4,5,4,0,0,0,0,1,2,2
105,1,Matlab,0,3,7,3,6,7,7,2,7,1,0,0,0,0,2,2
105,2,R,1,6,7,1,5,7,2,6,4,0,1,0,0,0,1,1
105,3,SAS,0,6,7,1,2,5,2,6,6,0,0,1,0,0,2,2
105,4,SPSS,0,4,1,3,1,1,4,1,7,0,0,0,1,0,2,2
105,5,Stata,0,6,5,1,6,7,5,1,7,0,0,0,0,1,2,2
106,1,Matlab,1,7,7,6,7,6,4,2,5,1,0,0,0,0,1,1
106,2,R,0,6,5,3,5,2,4,4,3,0,1,0,0,0,2,2
106,3,SAS,0,6,4,7,2,7,7,6,3,0,0,1,0,0,2,2
106,4,SPSS,0,4,4,5,2,1,2,5,6,0,0,0,1,0,2,2
106,5,Stata,0,2,3,1,1,1,5,2,2,0,0,0,0,1,2,2
107,1,Matlab,0,1,7,7,3,7,7,5,7,1,0,0,0,0,2,2
107,2,R,1,7,6,7,4,7,3,3,3,0,1,0,0,0,1,1
107,3,SAS,0,1,3,5,3,6,5,2,5,0,0,1,0,0,2,2
107,4,SPSS,0,1,2,3,2,1,1,6,1,0,0,0,1,0,2,2
107,5,Stata,0,7,6,2,2,6,2,1,7,0,0,0,0,1,2,2
108,1,Matlab,0,2,7,2,5,6,7,7,7,1,0,0,0,0,2,2
108,2,R,0,7,7,3,6,7,1,3,1,0,1,0,0,0,2,2
108,3,SAS,0,7,7,3,5,6,7,1,7,0,0,1,0,0,2,2
108,4,SPSS,0,6,5,1,6,5,6,3,4,0,0,0,1,0,2,2
108,5,Stata,1,7,7,5,5,7,6,4,3,0,0,0,0,1,1,1
109,1,Matlab,1,7,7,7,5,4,4,4,5,1,0,0,0,0,1,1
109,2,R,0,2,7,3,7,7,3,7,6,0,1,0,0,0,2,2
109,3,SAS,0,6,7,2,6,2,3,5,6,0,0,1,0,0,2,2
109,4,SPSS,0,1,7,1,7,7,3,2,4,0,0,0,1,0,2,2
109,5,Stata,0,1,7,1,5,2,2,6,7,0,0,0,0,1,2,2
110,1,Matlab,0,6,7,7,2,5,7,6,3,1,0,0,0,0,2,2
110,2,R,0,6,2,7,2,7,1,6,2,0,1,0,0,0,2,2
110,3,SAS,0,4,3,3,3,1,1,2,5,0,0,1,0,0,2,2
110,4,SPSS,0,7,5,7,2,7,7,7,5,0,0,0,1,0,2,2
110,5,Stata,1,7,7,6,7,7,6,7,5,0,0,0,0,1,1,1
111,1,Matlab,0,1,6,7,4,7,7,7,5,1,0,0,0,0,2,2
111,2,R,0,7,6,2,4,6,3,2,3,0,1,0,0,0,2,2
111,3,SAS,1,7,7,7,7,6,6,7,3,0,0,1,0,0,1,1
111,4,SPSS,0,1,7,2,6,7,6,5,6,0,0,0,1,0,2,2
111,5,Stata,0,7,7,1,6,5,4,2,3,0,0,0,0,1,2,2
112,1,Matlab,0,6,5,7,6,7,7,3,3,1,0,0,0,0,2,2
112,2,R,0,7,5,2,5,6,6,4,1,0,1,0,0,0,2,2
112,3,SAS,0,4,7,3,3,4,6,4,6,0,0,1,0,0,2,2
112,4,SPSS,1,7,7,3,7,5,7,7,3,0,0,0,1,0,1,1
112,5,Stata,0,7,7,3,7,7,7,4,7,0,0,0,0,1,2,2
113,1,Matlab,1,6,7,6,7,7,7,5,5,1,0,0,0,0,1,1
113,2,R,0,7,4,6,2,2,1,7,3,0,1,0,0,0,2,2
113,3,SAS,0,2,1,6,1,5,3,1,1,0,0,1,0,0,2,2
113,4,SPSS,0,5,7,1,7,4,2,6,6,0,0,0,1,0,2,2
113,5,Stata,0,6,7,1,6,4,1,3,2,0,0,0,0,1,2,2
114,1,Matlab,0,6,6,1,6,7,1,2,7,1,0,0,0,0,2,2
114,2,R,0,7,6,6,4,4,7,4,2,0,1,0,0,0,2,2
114,3,SAS,0,3,5,5,4,5,6,5,6,0,0,1,0,0,2,2
114,4,SPSS,0,4,1,6,1,5,6,3,7,0,0,0,1,0,2,2
114,5,Stata,1,7,7,3,7,3,7,7,5,0,0,0,0,1,1,1
115,1,Matlab,0,4,7,2,5,3,7,4,7,1,0,0,0,0,2,2
115,2,R,1,7,7,7,4,4,4,5,1,0,1,0,0,0,1,1
115,3,SAS,0,1,4,4,3,6,2,4,3,0,0,1,0,0,2,2
115,4,SPSS,0,1,7,2,4,3,4,5,7,0,0,0,1,0,2,2
115,5,Stata,0,2,7,2,6,7,7,5,7,0,0,0,0,1,2,2
116,1,Matlab,0,1,1,7,1,7,3,1,6,1,0,0,0,0,2,2
116,2,R,0,7,3,7,7,5,2,4,2,0,1,0,0,0,2,2
116,3,SAS,0,2,2,5,1,7,3,2,5,0,0,1,0,0,2,2
116,4,SPSS,1,6,7,3,7,5,7,2,6,0,0,0,1,0,1,1
116,5,Stata,0,2,7,1,6,3,5,1,7,0,0,0,0,1,2,2
117,1,Matlab,0,1,1,7,1,3,2,2,7,1,0,0,0,0,2,2
117,2,R,0,3,2,6,4,4,5,5,3,0,1,0,0,0,2,2
117,3,SAS,0,5,2,1,1,5,3,1,3,0,0,1,0,0,2,2
117,4,SPSS,0,1,7,1,6,5,1,6,7,0,0,0,1,0,2,2
117,5,Stata,1,5,7,2,7,7,7,4,6,0,0,0,0,1,1,1
118,1,Matlab,0,1,4,1,4,6,7,6,7,1,0,0,0,0,2,2
118,2,R,1,7,7,6,7,6,6,6,1,0,1,0,0,0,1,1
118,3,SAS,0,7,6,4,4,7,5,2,3,0,0,1,0,0,2,2
118,4,SPSS,0,1,4,6,1,3,6,3,6,0,0,0,1,0,2,2
118,5,Stata,0,6,7,1,7,6,6,5,4,0,0,0,0,1,2,2
119,1,Matlab,0,2,1,1,1,2,5,3,6,1,0,0,0,0,2,2
119,2,R,0,7,7,1,7,4,5,1,4,0,1,0,0,0,2,2
119,3,SAS,1,4,5,7,4,7,5,7,5,0,0,1,0,0,1,1
119,4,SPSS,0,7,4,7,4,5,7,6,3,0,0,0,1,0,2,2
119,5,Stata,0,2,7,1,6,5,1,3,5,0,0,0,0,1,2,2
120,1,Matlab,0,2,6,5,3,2,7,3,5,1,0,0,0,0,2,2
120,2,R,0,7,3,6,3,2,1,6,1,0,1,0,0,0,2,2
120,3,SAS,0,2,2,5,6,3,1,1,3,0,0,1,0,0,2,2
120,4,SPSS,0,6,2,1,1,5,7,1,5,0,0,0,1,0,2,2
120,5,Stata,1,6,7,1,6,6,5,4,3,0,0,0,0,1,1,1
121,1,Matlab,0,6,3,7,5,2,7,5,7,1,0,0,0,0,2,2
121,2,R,0,5,1,7,3,3,4,7,7,0,1,0,0,0,2,2
121,3,SAS,0,6,7,3,1,2,4,5,2,0,0,1,0,0,2,2
121,4,SPSS,1,5,7,6,7,4,7,6,7,0,0,0,1,0,1,1
121,5,Stata,0,7,1,4,1,2,1,2,3,0,0,0,0,1,2,2
122,1,Matlab,0,2,1,7,1,4,7,4,6,1,0,0,0,0,2,2
122,2,R,0,5,1,7,1,7,2,2,3,0,1,0,0,0,2,2
122,3,SAS,0,1,7,1,4,4,2,6,5,0,0,1,0,0,2,2
122,4,SPSS,1,7,7,3,6,6,5,6,5,0,0,0,1,0,1,1
122,5,Stata,0,3,1,3,2,1,2,5,2,0,0,0,0,1,2,2
123,1,Matlab,1,4,6,7,4,5,7,7,3,1,0,0,0,0,1,1
123,2,R,0,7,2,5,1,2,2,1,2,0,1,0,0,0,2,2
123,3,SAS,0,4,7,1,7,6,7,4,7,0,0,1,0,0,2,2
123,4,SPSS,0,4,2,7,5,4,6,7,3,0,0,0,1,0,2,2
123,5,Stata,0,7,2,2,2,1,2,1,7,0,0,0,0,1,2,2
124,1,Matlab,0,1,7,1,7,7,7,4,6,1,0,0,0,0,2,2
124,2,R,1,7,2,7,3,5,6,6,7,0,1,0,0,0,1,1
124,3,SAS,0,4,4,6,7,6,4,3,6,0,0,1,0,0,2,2
124,4,SPSS,0,7,7,7,4,4,5,4,4,0,0,0,1,0,2,2
124,5,Stata,0,1,1,7,2,6,5,4,7,0,0,0,0,1,2,2
125,1,Matlab,1,3,5,7,1,6,7,6,7,1,0,0,0,0,1,1
125,2,R,0,5,1,5,2,7,1,3,1,0,1,0,0,0,2,2
125,3,SAS,0,5,6,1,3,1,4,1,5,0,0,1,0,0,2,2
125,4,SPSS,0,2,7,1,6,5,4,3,6,0,0,0,1,0,2,2
125,5,Stata,0,4,3,7,3,7,3,6,2,0,0,0,0,1,2,2
126,1,Matlab,0,3,7,7,4,7,7,5,7,1,0,0,0,0,2,2
126,2,R,0,7,3,6,3,6,3,5,4,0,1,0,0,0,2,2
126,3,SAS,1,7,7,5,6,7,7,3,7,0,0,1,0,0,1,1
126,4,SPSS,0,6,7,1,7,5,3,7,5,0,0,0,1,0,2,2
126,5,Stata,0,6,5,1,1,1,1,1,2,0,0,0,0,1,2,2
127,1,Matlab,1,6,3,7,2,4,7,3,1,1,0,0,0,0,1,1
127,2,R,0,2,1,7,2,2,3,7,5,0,1,0,0,0,2,2
127,3,SAS,0,3,5,1,5,2,5,1,7,0,0,1,0,0,2,2
127,4,SPSS,0,1,2,1,1,5,1,2,7,0,0,0,1,0,2,2
127,5,Stata,0,5,2,7,2,3,5,4,2,0,0,0,0,1,2,2
128,1,Matlab,1,1,2,7,2,6,7,6,7,1,0,0,0,0,1,1
128,2,R,0,7,3,6,2,7,4,1,1,0,1,0,0,0,2,2
128,3,SAS,0,4,6,2,1,1,1,1,7,0,0,1,0,0,2,2
128,4,SPSS,0,1,4,2,7,2,1,5,6,0,0,0,1,0,2,2
128,5,Stata,0,4,3,1,5,2,2,4,1,0,0,0,0,1,2,2
129,1,Matlab,1,7,6,7,7,6,7,7,7,1,0,0,0,0,1,1
129,2,R,0,4,1,7,1,1,4,6,2,0,1,0,0,0,2,2
129,3,SAS,0,7,1,7,1,3,2,1,2,0,0,1,0,0,2,2
129,4,SPSS,0,4,7,2,7,6,4,6,3,0,0,0,1,0,2,2
129,5,Stata,0,7,3,7,4,2,7,2,7,0,0,0,0,1,2,2
130,1,Matlab,0,1,1,6,1,5,1,3,7,1,0,0,0,0,2,2
130,2,R,1,7,2,7,5,6,7,7,5,0,1,0,0,0,1,1
130,3,SAS,0,4,7,3,6,3,4,5,1,0,0,1,0,0,2,2
130,4,SPSS,0,7,7,5,3,2,6,5,6,0,0,0,1,0,2,2
130,5,Stata,0,6,4,1,2,2,6,2,4,0,0,0,0,1,2,2
131,1,Matlab,1,6,6,7,6,4,3,6,6,1,0,0,0,0,1,1
131,2,R,0,7,7,7,2,4,5,7,3,0,1,0,0,0,2,2
131,3,SAS,0,2,1,5,2,1,3,7,6,0,0,1,0,0,2,2
131,4,SPSS,0,2,3,3,3,5,5,4,7,0,0,0,1,0,2,2
131,5,Stata,0,7,7,1,7,1,2,6,2,0,0,0,0,1,2,2
132,1,Matlab,0,3,1,7,1,1,3,4,7,1,0,0,0,0,2,2
132,2,R,0,2,5,1,7,7,1,4,7,0,1,0,0,0,2,2
132,3,SAS,0,6,3,3,6,4,7,1,7,0,0,1,0,0,2,2
132,4,SPSS,1,6,7,3,6,6,2,2,6,0,0,0,1,0,1,1
132,5,Stata,0,3,2,6,1,5,7,1,4,0,0,0,0,1,2,2
133,1,Matlab,0,6,6,5,1,2,7,3,5,1,0,0,0,0,2,2
133,2,R,0,4,7,1,3,5,3,4,3,0,1,0,0,0,2,2
133,3,SAS,1,7,6,4,7,7,6,3,2,0,0,1,0,0,1,1
133,4,SPSS,0,1,2,4,4,5,7,6,7,0,0,0,1,0,2,2
133,5,Stata,0,5,5,2,2,5,5,1,6,0,0,0,0,1,2,2
134,1,Matlab,1,7,4,7,4,3,7,4,1,1,0,0,0,0,1,1
134,2,R,0,7,3,6,2,7,6,4,7,0,1,0,0,0,2,2
134,3,SAS,0,2,2,7,3,3,2,2,2,0,0,1,0,0,2,2
134,4,SPSS,0,2,7,2,3,4,6,6,7,0,0,0,1,0,2,2
134,5,Stata,0,1,1,7,1,1,6,5,3,0,0,0,0,1,2,2
135,1,Matlab,1,2,6,7,3,7,7,6,7,1,0,0,0,0,1,1
135,2,R,0,4,3,6,1,4,5,3,7,0,1,0,0,0,2,2
135,3,SAS,0,1,1,7,2,6,5,5,3,0,0,1,0,0,2,2
135,4,SPSS,0,4,7,1,4,2,5,5,7,0,0,0,1,0,2,2
135,5,Stata,0,1,4,1,2,4,4,1,7,0,0,0,0,1,2,2
136,1,Matlab,1,3,6,7,3,7,7,6,6,1,0,0,0,0,1,1
136,2,R,0,7,5,7,1,4,5,7,2,0,1,0,0,0,2,2
136,3,SAS,0,7,5,2,6,5,3,1,1,0,0,1,0,0,2,2
136,4,SPSS,0,3,2,7,1,7,7,5,6,0,0,0,1,0,2,2
136,5,Stata,0,6,7,2,7,2,7,3,6,0,0,0,0,1,2,2
137,1,Matlab,0,3,4,2,4,2,7,4,2,1,0,0,0,0,2,2
137,2,R,0,2,7,1,3,1,2,6,5,0,1,0,0,0,2,2
137,3,SAS,0,2,3,2,3,5,2,2,7,0,0,1,0,0,2,2
137,4,SPSS,1,7,6,3,7,1,4,5,4,0,0,0,1,0,1,1
137,5,Stata,0,7,7,2,7,6,7,1,6,0,0,0,0,1,2,2
138,1,Matlab,0,2,6,5,7,5,4,5,2,1,0,0,0,0,2,2
138,2,R,0,1,1,7,1,1,5,5,2,0,1,0,0,0,2,2
138,3,SAS,1,6,7,2,5,2,2,5,4,0,0,1,0,0,1,1
138,4,SPSS,0,4,1,7,1,4,7,7,4,0,0,0,1,0,2,2
138,5,Stata,0,7,6,2,1,2,4,1,2,0,0,0,0,1,2,2
139,1,Matlab,0,1,3,7,5,4,4,6,7,1,0,0,0,0,2,2
139,2,R,0,7,4,4,4,5,2,3,4,0,1,0,0,0,2,2
139,3,SAS,0,7,4,7,3,7,4,3,1,0,0,1,0,0,2,2
139,4,SPSS,1,7,7,7,7,6,7,7,7,0,0,0,1,0,1,1
139,5,Stata,0,2,1,3,3,7,4,1,5,0,0,0,0,1,2,2
140,1,Matlab,0,2,7,3,4,7,3,5,7,1,0,0,0,0,2,2
140,2,R,0,5,3,2,1,1,1,3,2,0,1,0,0,0,2,2
140,3,SAS,0,3,2,6,5,6,3,3,7,0,0,1,0,0,2,2
140,4,SPSS,0,1,4,7,6,5,7,6,7,0,0,0,1,0,2,2
140,5,Stata,1,5,7,1,7,6,1,1,5,0,0,0,0,1,1,1
141,1,Matlab,0,1,7,2,3,2,1,7,7,1,0,0,0,0,2,2
141,2,R,0,7,3,7,7,7,7,3,2,0,1,0,0,0,2,2
141,3,SAS,0,3,1,7,1,4,1,6,2,0,0,1,0,0,2,2
141,4,SPSS,1,2,7,5,7,3,5,7,3,0,0,0,1,0,1,1
141,5,Stata,0,7,5,4,2,4,7,1,3,0,0,0,0,1,2,2
142,1,Matlab,0,1,1,7,1,1,1,4,1,1,0,0,0,0,2,2
142,2,R,0,7,1,6,1,5,5,1,1,0,1,0,0,0,2,2
142,3,SAS,1,2,7,3,7,1,4,7,4,0,0,1,0,0,1,1
142,4,SPSS,0,4,7,2,6,4,7,7,7,0,0,0,1,0,2,2
142,5,Stata,0,7,7,5,7,7,7,3,2,0,0,0,0,1,2,2
143,1,Matlab,1,5,7,7,5,7,7,6,7,1,0,0,0,0,1,1
143,2,R,0,7,1,7,2,4,3,7,1,0,1,0,0,0,2,2
143,3,SAS,0,3,7,1,7,1,1,5,5,0,0,1,0,0,2,2
143,4,SPSS,0,4,1,7,3,7,6,7,5,0,0,0,1,0,2,2
143,5,Stata,0,6,7,4,6,7,6,2,6,0,0,0,0,1,2,2
144,1,Matlab,1,1,7,7,7,7,7,7,7,1,0,0,0,0,1,1
144,2,R,0,5,3,1,4,4,3,6,2,0,1,0,0,0,2,2
144,3,SAS,0,1,1,2,2,2,5,2,7,0,0,1,0,0,2,2
144,4,SPSS,0,3,3,2,5,5,4,1,5,0,0,0,1,0,2,2
144,5,Stata,0,2,7,1,6,5,6,5,6,0,0,0,0,1,2,2
145,1,Matlab,0,4,6,7,6,7,3,4,1,1,0,0,0,0,2,2
145,2,R,0,7,2,7,2,7,7,2,2,0,1,0,0,0,2,2
145,3,SAS,0,1,7,1,7,7,5,3,7,0,0,1,0,0,2,2
145,4,SPSS,1,7,7,5,6,3,4,6,1,0,0,0,1,0,1,1
145,5,Stata,0,3,7,1,6,5,6,6,7,0,0,0,0,1,2,2
146,1,Matlab,1,7,7,7,6,6,7,5,4,1,0,0,0,0,1,1
146,2,R,0,2,2,3,1,2,2,1,3,0,1,0,0,0,2,2
146,3,SAS,0,7,2,5,4,1,2,1,5,0,0,1,0,0,2,2
146,4,SPSS,0,4,7,1,7,6,6,6,7,0,0,0,1,0,2,2
146,5,Stata,0,7,7,2,6,1,3,5,7,0,0,0,0,1,2,2
147,1,Matlab,1,5,5,7,5,7,7,6,7,1,0,0,0,0,1,1
147,2,R,0,7,1,4,1,2,4,3,5,0,1,0,0,0,2,2
147,3,SAS,0,1,3,7,6,6,6,7,7,0,0,1,0,0,2,2
147,4,SPSS,0,3,7,3,7,5,6,2,6,0,0,0,1,0,2,2
147,5,Stata,0,4,7,6,2,6,7,3,2,0,0,0,0,1,2,2
148,1,Matlab,0,3,4,7,3,7,7,5,7,1,0,0,0,0,2,2
148,2,R,0,4,3,2,3,5,4,6,5,0,1,0,0,0,2,2
148,3,SAS,0,6,4,3,2,1,3,3,2,0,0,1,0,0,2,2
148,4,SPSS,1,7,4,7,4,4,6,7,6,0,0,0,1,0,1,1
148,5,Stata,0,1,1,3,5,3,7,2,7,0,0,0,0,1,2,2
149,1,Matlab,0,1,5,6,3,6,3,5,7,1,0,0,0,0,2,2
149,2,R,1,7,5,4,6,7,3,7,7,0,1,0,0,0,1,1
149,3,SAS,0,7,2,7,2,4,4,3,5,0,0,1,0,0,2,2
149,4,SPSS,0,2,7,2,7,2,7,7,6,0,0,0,1,0,2,2
149,5,Stata,0,7,7,1,7,5,6,4,4,0,0,0,0,1,2,2
150,1,Matlab,1,6,3,7,6,6,7,6,4,1,0,0,0,0,1,1
150,2,R,0,4,3,3,2,3,5,6,3,0,1,0,0,0,2,2
150,3,SAS,0,7,5,6,3,3,3,4,1,0,0,1,0,0,2,2
150,4,SPSS,0,4,6,2,1,3,3,4,7,0,0,0,1,0,2,2
150,5,Stata,0,1,7,7,2,7,7,4,7,0,0,0,0,1,2,2
151,1,Matlab,1,7,7,5,7,7,7,6,7,1,0,0,0,0,1,1
151,2,R,0,6,1,4,1,4,1,1,4,0,1,0,0,0,2,2
151,3,SAS,0,5,6,1,7,5,6,1,6,0,0,1,0,0,2,2
151,4,SPSS,0,5,7,4,7,4,3,6,5,0,0,0,1,0,2,2
151,5,Stata,0,2,7,7,3,6,7,7,4,0,0,0,0,1,2,2
152,1,Matlab,0,1,7,1,1,5,5,4,4,1,0,0,0,0,2,2
152,2,R,0,7,5,4,7,7,6,3,7,0,1,0,0,0,2,2
152,3,SAS,1,4,7,5,7,7,5,7,7,0,0,1,0,0,1,1
152,4,SPSS,0,1,2,1,6,5,4,1,6,0,0,0,1,0,2,2
152,5,Stata,0,2,7,5,6,7,7,3,7,0,0,0,0,1,2,2
153,1,Matlab,1,5,7,7,6,6,3,7,5,1,0,0,0,0,1,1
153,2,R,0,1,1,7,1,1,3,7,7,0,1,0,0,0,2,2
153,3,SAS,0,4,7,3,2,6,7,1,7,0,0,1,0,0,2,2
153,4,SPSS,0,3,7,5,7,7,4,6,7,0,0,0,1,0,2,2
153,5,Stata,0,7,7,1,6,7,7,1,5,0,0,0,0,1,2,2
154,1,Matlab,1,1,7,7,7,7,7,4,7,1,0,0,0,0,1,1
154,2,R,0,7,6,6,3,6,4,3,3,0,1,0,0,0,2,2
154,3,SAS,0,1,1,5,1,1,1,1,7,0,0,1,0,0,2,2
154,4,SPSS,0,1,1,3,6,5,5,5,6,0,0,0,1,0,2,2
154,5,Stata,0,1,7,1,5,6,2,2,5,0,0,0,0,1,2,2
155,1,Matlab,1,5,7,7,6,7,7,6,3,1,0,0,0,0,1,1
155,2,R,0,2,2,4,2,6,5,6,7,0,1,0,0,0,2,2
155,3,SAS,0,1,5,1,6,7,4,1,7,0,0,1,0,0,2,2
155,4,SPSS,0,1,4,6,2,1,3,7,3,0,0,0,1,0,2,2
155,5,Stata,0,1,1,1,3,2,1,1,5,0,0,0,0,1,2,2
156,1,Matlab,0,2,2,7,3,5,1,3,4,1,0,0,0,0,2,2
156,2,R,0,7,7,6,2,2,2,6,2,0,1,0,0,0,2,2
156,3,SAS,1,7,6,7,4,3,2,4,5,0,0,1,0,0,1,1
156,4,SPSS,0,3,7,2,7,5,7,7,6,0,0,0,1,0,2,2
156,5,Stata,0,1,4,6,7,6,6,7,1,0,0,0,0,1,2,2
157,1,Matlab,0,3,1,7,3,2,7,2,7,1,0,0,0,0,2,2
157,2,R,0,2,1,3,1,1,2,5,1,0,1,0,0,0,2,2
157,3,SAS,0,4,3,7,2,6,6,7,1,0,0,1,0,0,2,2
157,4,SPSS,1,7,4,6,5,6,7,6,5,0,0,0,1,0,1,1
157,5,Stata,0,1,1,6,1,4,4,4,2,0,0,0,0,1,2,2
158,1,Matlab,0,1,7,2,7,6,7,4,7,1,0,0,0,0,2,2
158,2,R,0,7,2,6,1,7,2,1,3,0,1,0,0,0,2,2
158,3,SAS,0,5,4,3,5,4,6,7,5,0,0,1,0,0,2,2
158,4,SPSS,1,7,7,3,7,2,6,7,4,0,0,0,1,0,1,1
158,5,Stata,0,1,3,1,5,3,7,1,6,0,0,0,0,1,2,2
159,1,Matlab,1,7,6,7,7,5,7,7,4,1,0,0,0,0,1,1
159,2,R,0,1,3,1,3,3,1,6,6,0,1,0,0,0,2,2
159,3,SAS,0,4,1,7,2,7,6,7,6,0,0,1,0,0,2,2
159,4,SPSS,0,2,3,7,4,5,6,6,7,0,0,0,1,0,2,2
159,5,Stata,0,5,4,5,6,3,7,3,5,0,0,0,0,1,2,2
160,1,Matlab,0,5,2,1,2,1,5,5,1,1,0,0,0,0,2,2
160,2,R,0,1,4,7,2,7,5,6,6,0,1,0,0,0,2,2
160,3,SAS,1,7,2,7,5,7,7,7,6,0,0,1,0,0,1,1
160,4,SPSS,0,1,6,3,1,1,6,4,7,0,0,0,1,0,2,2
160,5,Stata,0,5,1,6,2,5,2,2,3,0,0,0,0,1,2,2
161,1,Matlab,0,1,4,7,4,7,7,3,3,1,0,0,0,0,2,2
161,2,R,0,3,1,7,3,6,5,7,6,0,1,0,0,0,2,2
161,3,SAS,0,7,5,7,2,4,3,4,3,0,0,1,0,0,2,2
161,4,SPSS,1,6,7,5,7,7,7,3,5,0,0,0,1,0,1,1
161,5,Stata,0,6,1,7,3,6,3,1,1,0,0,0,0,1,2,2
162,1,Matlab,1,4,7,4,5,2,7,6,7,1,0,0,0,0,1,1
162,2,R,0,6,1,7,1,3,3,5,1,0,1,0,0,0,2,2
162,3,SAS,0,2,5,2,5,5,4,3,7,0,0,1,0,0,2,2
162,4,SPSS,0,6,7,1,6,4,1,1,1,0,0,0,1,0,2,2
162,5,Stata,0,1,7,6,4,4,7,6,7,0,0,0,0,1,2,2
163,1,Matlab,0,2,6,7,6,6,6,3,4,1,0,0,0,0,2,2
163,2,R,0,5,7,6,1,7,3,4,5,0,1,0,0,0,2,2
163,3,SAS,0,5,2,5,4,2,1,3,4,0,0,1,0,0,2,2
163,4,SPSS,1,6,2,7,4,1,6,7,1,0,0,0,1,0,1,1
163,5,Stata,0,2,2,1,2,1,1,1,5,0,0,0,0,1,2,2
164,1,Matlab,0,3,1,7,2,7,2,5,4,1,0,0,0,0,2,2
164,2,R,1,5,7,6,7,7,4,5,5,0,1,0,0,0,1,1
164,3,SAS,0,3,6,1,4,1,2,1,6,0,0,1,0,0,2,2
164,4,SPSS,0,5,7,4,7,5,6,7,6,0,0,0,1,0,2,2
164,5,Stata,0,6,3,7,2,2,2,7,7,0,0,0,0,1,2,2
165,1,Matlab,0,4,6,7,4,7,2,5,2,1,0,0,0,0,2,2
165,2,R,0,7,5,6,2,4,2,6,1,0,1,0,0,0,2,2
165,3,SAS,0,1,7,1,7,1,3,1,5,0,0,1,0,0,2,2
165,4,SPSS,0,5,7,2,7,6,4,1,1,0,0,0,1,0,2,2
165,5,Stata,1,6,7,7,7,3,2,7,2,0,0,0,0,1,1,1
166,1,Matlab,0,1,7,5,5,4,4,6,7,1,0,0,0,0,2,2
166,2,R,1,7,3,7,6,3,6,7,3,0,1,0,0,0,1,1
166,3,SAS,0,7,4,6,5,7,3,5,4,0,0,1,0,0,2,2
166,4,SPSS,0,4,7,1,6,5,7,6,6,0,0,0,1,0,2,2
166,5,Stata,0,5,7,2,7,7,6,2,5,0,0,0,0,1,2,2
167,1,Matlab,1,3,6,3,7,7,6,4,4,1,0,0,0,0,1,1
167,2,R,0,5,3,7,2,7,4,7,3,0,1,0,0,0,2,2
167,3,SAS,0,2,1,7,3,3,4,5,4,0,0,1,0,0,2,2
167,4,SPSS,0,4,4,2,1,4,4,3,7,0,0,0,1,0,2,2
167,5,Stata,0,2,2,2,7,1,3,6,6,0,0,0,0,1,2,2
168,1,Matlab,0,2,4,4,3,7,3,3,7,1,0,0,0,0,2,2
168,2,R,1,7,7,6,7,6,7,5,1,0,1,0,0,0,1,1
168,3,SAS,0,3,1,6,2,1,1,4,7,0,0,1,0,0,2,2
168,4,SPSS,0,3,7,7,7,5,6,7,6,0,0,0,1,0,2,2
168,5,Stata,0,4,4,6,7,7,7,3,5,0,0,0,0,1,2,2
169,1,Matlab,0,1,2,4,1,2,1,1,7,1,0,0,0,0,2,2
169,2,R,1,7,7,1,5,1,2,6,3,0,1,0,0,0,1,1
169,3,SAS,0,1,7,2,4,6,5,7,7,0,0,1,0,0,2,2
169,4,SPSS,0,2,7,2,7,2,3,7,2,0,0,0,1,0,2,2
169,5,Stata,0,5,7,3,4,7,4,4,3,0,0,0,0,1,2,2
170,1,Matlab,0,6,3,7,1,6,7,7,3,1,0,0,0,0,2,2
170,2,R,0,7,7,5,3,7,2,6,5,0,1,0,0,0,2,2
170,3,SAS,0,3,5,2,3,2,1,3,1,0,0,1,0,0,2,2
170,4,SPSS,0,2,6,6,6,7,7,5,7,0,0,0,1,0,2,2
170,5,Stata,1,6,7,6,7,5,2,7,6,0,0,0,0,1,1,1
171,1,Matlab,0,5,4,4,5,7,2,3,4,1,0,0,0,0,2,2
171,2,R,0,7,1,6,1,4,4,5,1,0,1,0,0,0,2,2
171,3,SAS,0,4,6,1,4,3,4,2,7,0,0,1,0,0,2,2
171,4,SPSS,0,4,3,2,4,1,1,1,1,0,0,0,1,0,2,2
171,5,Stata,1,6,7,4,3,5,2,4,2,0,0,0,0,1,1,1
172,1,Matlab,0,2,5,7,2,6,7,2,2,1,0,0,0,0,2,2
172,2,R,1,7,6,2,7,1,7,3,3,0,1,0,0,0,1,1
172,3,SAS,0,1,1,7,2,6,4,6,5,0,0,1,0,0,2,2
172,4,SPSS,0,1,7,5,1,2,4,6,7,0,0,0,1,0,2,2
172,5,Stata,0,2,7,6,5,5,2,6,5,0,0,0,0,1,2,2
173,1,Matlab,0,1,5,7,5,7,7,5,7,1,0,0,0,0,2,2
173,2,R,0,1,7,1,6,6,6,7,4,0,1,0,0,0,2,2
173,3,SAS,0,4,7,7,5,7,3,7,3,0,0,1,0,0,2,2
173,4,SPSS,1,5,7,5,7,7,7,6,7,0,0,0,1,0,1,1
173,5,Stata,0,4,6,1,2,3,4,1,3,0,0,0,0,1,2,2
174,1,Matlab,0,7,1,7,5,1,7,4,2,1,0,0,0,0,2,2
174,2,R,0,7,1,5,3,5,7,4,2,0,1,0,0,0,2,2
174,3,SAS,0,1,2,7,3,1,1,7,6,0,0,1,0,0,2,2
174,4,SPSS,0,2,7,1,7,6,7,3,7,0,0,0,1,0,2,2
174,5,Stata,1,6,7,7,7,7,7,7,6,0,0,0,0,1,1,1
175,1,Matlab,0,1,6,3,3,7,7,2,7,1,0,0,0,0,2,2
175,2,R,0,1,6,2,2,4,2,6,7,0,1,0,0,0,2,2
175,3,SAS,0,4,4,7,4,2,4,6,7,0,0,1,0,0,2,2
175,4,SPSS,0,2,2,2,6,2,1,5,5,0,0,0,1,0,2,2
175,5,Stata,1,7,7,7,7,1,2,4,1,0,0,0,0,1,1,1
176,1,Matlab,0,6,4,7,6,7,7,2,5,1,0,0,0,0,2,2
176,2,R,1,7,7,7,4,5,5,7,1,0,1,0,0,0,1,1
176,3,SAS,0,2,6,7,4,7,4,4,7,0,0,1,0,0,2,2
176,4,SPSS,0,1,5,7,7,2,3,7,2,0,0,0,1,0,2,2
176,5,Stata,0,3,7,5,3,6,4,2,7,0,0,0,0,1,2,2
177,1,Matlab,1,4,7,7,6,4,1,6,1,1,0,0,0,0,1,1
177,2,R,0,7,2,6,2,2,7,2,1,0,1,0,0,0,2,2
177,3,SAS,0,2,5,6,3,5,7,4,7,0,0,1,0,0,2,2
177,4,SPSS,0,5,6,7,1,4,7,2,1,0,0,0,1,0,2,2
177,5,Stata,0,3,1,6,1,3,2,3,2,0,0,0,0,1,2,2
178,1,Matlab,0,4,1,7,2,7,6,4,7,1,0,0,0,0,2,2
178,2,R,1,7,3,5,7,6,5,7,6,0,1,0,0,0,1,1
178,3,SAS,0,3,7,2,5,6,4,2,6,0,0,1,0,0,2,2
178,4,SPSS,0,2,3,6,2,5,4,7,4,0,0,0,1,0,2,2
178,5,Stata,0,7,7,1,4,7,6,1,6,0,0,0,0,1,2,2
179,1,Matlab,0,2,4,1,1,4,7,1,7,1,0,0,0,0,2,2
179,2,R,0,7,1,4,6,1,3,3,5,0,1,0,0,0,2,2
179,3,SAS,0,1,6,6,1,4,2,5,4,0,0,1,0,0,2,2
179,4,SPSS,0,1,1,4,6,3,1,4,2,0,0,0,1,0,2,2
179,5,Stata,1,7,6,6,5,7,4,1,2,0,0,0,0,1,1,1
180,1,Matlab,0,1,3,1,1,1,7,2,5,1,0,0,0,0,2,2
180,2,R,1,7,5,5,7,7,5,6,1,0,1,0,0,0,1,1
180,3,SAS,0,3,1,1,2,3,7,1,1,0,0,1,0,0,2,2
180,4,SPSS,0,5,5,2,4,2,4,3,6,0,0,0,1,0,2,2
180,5,Stata,0,7,7,5,6,1,6,3,1,0,0,0,0,1,2,2
181,1,Matlab,0,1,3,7,2,6,3,7,7,1,0,0,0,0,2,2
181,2,R,0,2,2,1,1,1,1,1,6,0,1,0,0,0,2,2
181,3,SAS,0,7,7,4,4,7,7,3,4,0,0,1,0,0,2,2
181,4,SPSS,0,1,1,1,7,5,1,2,7,0,0,0,1,0,2,2
181,5,Stata,1,5,7,4,7,7,7,7,2,0,0,0,0,1,1,1
182,1,Matlab,1,5,7,5,7,7,7,6,7,1,0,0,0,0,1,1
182,2,R,0,7,2,7,6,5,2,6,2,0,1,0,0,0,2,2
182,3,SAS,0,5,6,7,5,7,5,7,7,0,0,1,0,0,2,2
182,4,SPSS,0,2,7,3,6,7,6,6,7,0,0,0,1,0,2,2
182,5,Stata,0,2,4,1,1,7,6,1,6,0,0,0,0,1,2,2
183,1,Matlab,0,2,6,7,6,3,3,4,4,1,0,0,0,0,2,2
183,2,R,0,6,3,2,7,5,5,2,7,0,1,0,0,0,2,2
183,3,SAS,0,6,7,1,7,3,6,1,5,0,0,1,0,0,2,2
183,4,SPSS,1,6,7,1,7,2,7,6,2,0,0,0,1,0,1,1
183,5,Stata,0,3,7,1,7,4,5,4,2,0,0,0,0,1,2,2
184,1,Matlab,0,3,5,7,6,5,7,6,5,1,0,0,0,0,2,2
184,2,R,0,7,7,1,7,3,7,2,7,0,1,0,0,0,2,2
184,3,SAS,0,2,7,7,5,7,6,5,7,0,0,1,0,0,2,2
184,4,SPSS,1,7,7,6,6,5,7,7,2,0,0,0,1,0,1,1
184,5,Stata,0,1,6,1,7,4,6,6,2,0,0,0,0,1,2,2
185,1,Matlab,0,3,3,5,1,6,3,1,4,1,0,0,0,0,2,2
185,2,R,0,7,3,1,3,3,3,2,2,0,1,0,0,0,2,2
185,3,SAS,0,4,2,7,3,1,5,2,3,0,0,1,0,0,2,2
185,4,SPSS,0,7,7,3,7,4,6,3,2,0,0,0,1,0,2,2
185,5,Stata,1,7,7,1,7,6,6,2,5,0,0,0,0,1,1,1
186,1,Matlab,0,2,4,7,1,3,1,6,4,1,0,0,0,0,2,2
186,2,R,0,7,1,6,1,4,2,1,2,0,1,0,0,0,2,2
186,3,SAS,0,3,1,2,1,1,6,1,6,0,0,1,0,0,2,2
186,4,SPSS,1,6,4,7,4,6,6,6,1,0,0,0,1,0,1,1
186,5,Stata,0,5,5,5,1,2,6,5,6,0,0,0,0,1,2,2
187,1,Matlab,0,5,5,1,2,2,1,1,1,1,0,0,0,0,2,2
187,2,R,1,7,1,7,2,1,2,7,2,0,1,0,0,0,1,1
187,3,SAS,0,6,1,4,1,1,1,1,4,0,0,1,0,0,2,2
187,4,SPSS,0,5,7,2,4,4,1,2,6,0,0,0,1,0,2,2
187,5,Stata,0,6,4,4,5,4,4,2,3,0,0,0,0,1,2,2
188,1,Matlab,0,2,2,7,5,7,7,6,7,1,0,0,0,0,2,2
188,2,R,1,7,3,7,5,2,5,7,2,0,1,0,0,0,1,1
188,3,SAS,0,5,1,7,4,5,7,7,6,0,0,1,0,0,2,2
188,4,SPSS,0,6,7,7,2,6,6,7,6,0,0,0,1,0,2,2
188,5,Stata,0,2,1,6,1,7,3,3,6,0,0,0,0,1,2,2
189,1,Matlab,0,2,7,1,2,5,7,1,7,1,0,0,0,0,2,2
189,2,R,0,1,6,3,6,7,5,6,6,0,1,0,0,0,2,2
189,3,SAS,0,6,5,3,6,3,5,4,6,0,0,1,0,0,2,2
189,4,SPSS,0,7,7,1,1,3,6,2,1,0,0,0,1,0,2,2
189,5,Stata,1,7,7,6,5,6,7,4,6,0,0,0,0,1,1,1
190,1,Matlab,1,3,7,7,6,7,7,7,7,1,0,0,0,0,1,1
190,2,R,0,7,6,6,1,3,5,2,5,0,1,0,0,0,2,2
190,3,SAS,0,7,1,7,4,6,7,4,4,0,0,1,0,0,2,2
190,4,SPSS,0,1,4,3,1,3,7,1,7,0,0,0,1,0,2,2
190,5,Stata,0,1,7,1,6,3,2,5,7,0,0,0,0,1,2,2
191,1,Matlab,0,6,7,6,7,3,7,2,3,1,0,0,0,0,2,2
191,2,R,0,1,3,2,2,1,2,7,3,0,1,0,0,0,2,2
191,3,SAS,0,1,7,7,3,7,3,6,4,0,0,1,0,0,2,2
191,4,SPSS,1,6,4,7,6,4,7,7,3,0,0,0,1,0,1,1
191,5,Stata,0,7,7,1,2,6,5,1,6,0,0,0,0,1,2,2
192,1,Matlab,0,6,3,7,3,4,3,5,2,1,0,0,0,0,2,2
192,2,R,0,4,7,2,4,6,5,4,3,0,1,0,0,0,2,2
192,3,SAS,0,5,6,7,1,7,7,1,7,0,0,1,0,0,2,2
192,4,SPSS,1,7,7,7,4,3,7,2,2,0,0,0,1,0,1,1
192,5,Stata,0,6,6,1,6,5,7,2,6,0,0,0,0,1,2,2
193,1,Matlab,0,1,4,7,6,4,6,6,7,1,0,0,0,0,2,2
193,2,R,0,7,1,1,4,7,1,1,2,0,1,0,0,0,2,2
193,3,SAS,0,7,2,6,2,3,7,1,1,0,0,1,0,0,2,2
193,4,SPSS,1,5,7,2,7,7,7,3,7,0,0,0,1,0,1,1
193,5,Stata,0,3,1,4,6,1,6,6,2,0,0,0,0,1,2,2
194,1,Matlab,0,1,2,1,5,5,5,1,7,1,0,0,0,0,2,2
194,2,R,0,1,5,2,5,4,2,6,6,0,1,0,0,0,2,2
194,3,SAS,0,5,2,7,1,3,6,1,6,0,0,1,0,0,2,2
194,4,SPSS,0,1,7,1,7,5,6,4,7,0,0,0,1,0,2,2
194,5,Stata,1,5,6,7,7,5,7,6,5,0,0,0,0,1,1,1
195,1,Matlab,1,7,7,5,6,5,3,4,3,1,0,0,0,0,1,1
195,2,R,0,1,7,1,4,2,2,2,7,0,1,0,0,0,2,2
195,3,SAS,0,7,7,4,7,3,6,6,7,0,0,1,0,0,2,2
195,4,SPSS,0,4,1,1,1,1,1,1,6,0,0,0,1,0,2,2
195,5,Stata,0,6,1,6,1,2,5,1,2,0,0,0,0,1,2,2
196,1,Matlab,1,5,7,4,6,5,7,2,7,1,0,0,0,0,1,1
196,2,R,0,3,1,4,1,1,2,1,2,0,1,0,0,0,2,2
196,3,SAS,0,5,1,7,1,2,5,3,5,0,0,1,0,0,2,2
196,4,SPSS,0,3,7,1,7,1,6,4,4,0,0,0,1,0,2,2
196,5,Stata,0,7,6,4,1,4,7,1,7,0,0,0,0,1,2,2
197,1,Matlab,0,5,6,7,1,1,6,2,7,1,0,0,0,0,2,2
197,2,R,0,1,7,1,5,7,1,5,3,0,1,0,0,0,2,2
197,3,SAS,1,7,7,4,7,7,7,2,7,0,0,1,0,0,1,1
197,4,SPSS,0,3,7,1,7,7,6,4,6,0,0,0,1,0,2,2
197,5,Stata,0,1,2,7,2,4,6,5,1,0,0,0,0,1,2,2
198,1,Matlab,0,1,1,7,1,2,7,6,7,1,0,0,0,0,2,2
198,2,R,0,7,7,1,4,6,3,1,7,0,1,0,0,0,2,2
198,3,SAS,0,7,6,2,6,1,4,5,4,0,0,1,0,0,2,2
198,4,SPSS,1,7,7,5,5,2,7,2,7,0,0,0,1,0,1,1
198,5,Stata,0,1,7,3,5,6,7,7,6,0,0,0,0,1,2,2
199,1,Matlab,0,7,3,7,6,7,7,1,1,1,0,0,0,0,2,2
199,2,R,1,7,7,1,7,6,6,4,1,0,1,0,0,0,1,1
199,3,SAS,0,5,2,3,2,2,4,3,4,0,0,1,0,0,2,2
199,4,SPSS,0,3,7,6,6,2,7,7,6,0,0,0,1,0,2,2
199,5,Stata,0,4,7,5,6,3,6,6,5,0,0,0,0,1,2,2
200,1,Matlab,0,1,7,1,7,6,1,7,7,1,0,0,0,0,2,2
200,2,R,0,7,1,7,1,5,1,2,2,0,1,0,0,0,2,2
200,3,SAS,1,7,4,5,3,4,3,3,6,0,0,1,0,0,1,1
200,4,SPSS,0,1,1,1,1,3,2,1,7,0,0,0,1,0,2,2
200,5,Stata,0,1,3,1,2,4,2,1,1,0,0,0,0,1,2,2
201,1,Matlab,1,7,6,7,5,3,7,6,7,1,0,0,0,0,1,1
201,2,R,0,7,6,7,3,7,3,7,4,0,1,0,0,0,2,2
201,3,SAS,0,7,4,7,1,2,6,4,7,0,0,1,0,0,2,2
201,4,SPSS,0,3,7,6,3,2,5,6,4,0,0,0,1,0,2,2
201,5,Stata,0,5,7,2,7,5,7,3,7,0,0,0,0,1,2,2
202,1,Matlab,1,2,7,5,7,4,7,4,7,1,0,0,0,0,1,1
202,2,R,0,5,6,1,4,6,4,1,1,0,1,0,0,0,2,2
202,3,SAS,0,4,1,7,4,6,1,1,3,0,0,1,0,0,2,2
202,4,SPSS,0,4,7,2,7,1,6,6,6,0,0,0,1,0,2,2
202,5,Stata,0,2,7,2,6,6,2,4,7,0,0,0,0,1,2,2
203,1,Matlab,0,1,1,7,1,2,2,6,1,1,0,0,0,0,2,2
203,2,R,0,7,1,1,1,1,3,1,4,0,1,0,0,0,2,2
203,3,SAS,0,6,1,7,1,2,6,6,7,0,0,1,0,0,2,2
203,4,SPSS,1,2,7,7,7,7,7,7,7,0,0,0,1,0,1,1
203,5,Stata,0,5,7,6,5,7,7,1,5,0,0,0,0,1,2,2
204,1,Matlab,0,2,6,1,6,2,7,2,7,1,0,0,0,0,2,2
204,2,R,0,7,1,7,5,7,7,6,7,0,1,0,0,0,2,2
204,3,SAS,0,3,6,1,3,6,5,3,7,0,0,1,0,0,2,2
204,4,SPSS,1,7,7,6,5,1,7,7,2,0,0,0,1,0,1,1
204,5,Stata,0,7,3,4,1,4,3,1,7,0,0,0,0,1,2,2
205,1,Matlab,0,7,2,4,3,1,7,2,3,1,0,0,0,0,2,2
205,2,R,0,7,6,5,3,3,7,5,3,0,1,0,0,0,2,2
205,3,SAS,0,7,5,6,2,4,5,4,2,0,0,1,0,0,2,2
205,4,SPSS,0,3,2,6,1,5,7,6,4,0,0,0,1,0,2,2
205,5,Stata,1,6,7,3,2,1,1,6,6,0,0,0,0,1,1,1
206,1,Matlab,0,1,4,3,4,4,2,4,4,1,0,0,0,0,2,2
206,2,R,0,4,1,5,5,7,7,7,7,0,1,0,0,0,2,2
206,3,SAS,1,6,7,6,7,6,7,2,6,0,0,1,0,0,1,1
206,4,SPSS,0,3,2,4,2,4,2,2,6,0,0,0,1,0,2,2
206,5,Stata,0,6,7,1,7,4,2,2,2,0,0,0,0,1,2,2
207,1,Matlab,0,7,6,2,1,1,5,1,2,1,0,0,0,0,2,2
207,2,R,1,6,6,7,7,6,5,7,1,0,1,0,0,0,1,1
207,3,SAS,0,2,4,6,6,6,7,6,7,0,0,1,0,0,2,2
207,4,SPSS,0,1,3,1,5,1,7,1,5,0,0,0,1,0,2,2
207,5,Stata,0,4,7,2,7,7,7,7,7,0,0,0,0,1,2,2
208,1,Matlab,0,1,7,1,2,1,3,1,6,1,0,0,0,0,2,2
208,2,R,1,4,6,7,1,7,6,7,7,0,1,0,0,0,1,1
208,3,SAS,0,4,4,6,4,2,2,2,1,0,0,1,0,0,2,2
208,4,SPSS,0,3,7,1,2,3,2,4,6,0,0,0,1,0,2,2
208,5,Stata,0,7,4,1,4,1,7,3,2,0,0,0,0,1,2,2
209,1,Matlab,0,2,1,7,1,1,7,7,7,1,0,0,0,0,2,2
209,2,R,1,7,3,6,7,7,3,5,5,0,1,0,0,0,1,1
209,3,SAS,0,4,7,1,7,2,1,3,3,0,0,1,0,0,2,2
209,4,SPSS,0,7,1,7,2,2,7,5,6,0,0,0,1,0,2,2
209,5,Stata,0,7,1,7,1,5,4,3,2,0,0,0,0,1,2,2
210,1,Matlab,0,1,4,7,3,4,2,6,3,1,0,0,0,0,2,2
210,2,R,0,7,5,3,1,3,3,3,7,0,1,0,0,0,2,2
210,3,SAS,1,1,2,7,6,7,6,7,4,0,0,1,0,0,1,1
210,4,SPSS,0,1,7,1,7,2,1,4,3,0,0,0,1,0,2,2
210,5,Stata,0,2,3,3,4,4,1,7,6,0,0,0,0,1,2,2
211,1,Matlab,1,7,6,1,7,4,7,2,5,1,0,0,0,0,1,1
211,2,R,0,5,5,1,7,1,6,3,5,0,1,0,0,0,2,2
211,3,SAS,0,2,5,4,6,4,7,4,6,0,0,1,0,0,2,2
211,4,SPSS,0,1,2,4,2,2,3,3,5,0,0,0,1,0,2,2
211,5,Stata,0,6,7,1,4,4,2,1,1,0,0,0,0,1,2,2
212,1,Matlab,0,1,7,1,3,7,7,3,7,1,0,0,0,0,2,2
212,2,R,1,7,3,7,6,7,3,5,3,0,1,0,0,0,1,1
212,3,SAS,0,4,6,5,3,7,7,3,7,0,0,1,0,0,2,2
212,4,SPSS,0,2,6,4,4,1,1,5,3,0,0,0,1,0,2,2
212,5,Stata,0,7,7,1,6,1,7,2,3,0,0,0,0,1,2,2
213,1,Matlab,0,5,1,7,1,1,4,3,6,1,0,0,0,0,2,2
213,2,R,0,2,1,7,1,6,4,2,6,0,1,0,0,0,2,2
213,3,SAS,0,6,3,7,4,4,5,6,2,0,0,1,0,0,2,2
213,4,SPSS,1,7,7,3,6,4,7,6,7,0,0,0,1,0,1,1
213,5,Stata,0,2,2,2,5,4,3,1,7,0,0,0,0,1,2,2
214,1,Matlab,0,6,7,6,4,2,3,2,3,1,0,0,0,0,2,2
214,2,R,1,7,7,4,6,7,2,7,2,0,1,0,0,0,1,1
214,3,SAS,0,4,2,1,5,3,2,4,4,0,0,1,0,0,2,2
214,4,SPSS,0,7,1,6,3,4,4,2,3,0,0,0,1,0,2,2
214,5,Stata,0,4,7,4,6,6,4,5,6,0,0,0,0,1,2,2
215,1,Matlab,0,3,1,7,3,6,5,3,5,1,0,0,0,0,2,2
215,2,R,0,3,7,1,7,7,3,4,6,0,1,0,0,0,2,2
215,3,SAS,0,5,3,5,2,1,4,2,3,0,0,1,0,0,2,2
215,4,SPSS,1,6,4,7,6,7,7,5,4,0,0,0,1,0,1,1
215,5,Stata,0,2,7,1,7,2,7,1,7,0,0,0,0,1,2,2
216,1,Matlab,1,3,7,7,5,7,7,7,7,1,0,0,0,0,1,1
216,2,R,0,1,1,3,1,1,1,3,2,0,1,0,0,0,2,2
216,3,SAS,0,1,4,3,2,3,4,2,2,0,0,1,0,0,2,2
216,4,SPSS,0,4,2,6,3,4,6,2,6,0,0,0,1,0,2,2
216,5,Stata,0,6,4,2,6,3,7,2,6,0,0,0,0,1,2,2
217,1,Matlab,0,1,1,1,6,2,7,1,2,1,0,0,0,0,2,2
217,2,R,1,4,6,3,6,5,7,5,1,0,1,0,0,0,1,1
217,3,SAS,0,7,3,6,2,4,2,2,3,0,0,1,0,0,2,2
217,4,SPSS,0,6,4,1,7,7,5,3,6,0,0,0,1,0,2,2
217,5,Stata,0,6,7,1,1,1,2,2,6,0,0,0,0,1,2,2
218,1,Matlab,0,7,1,7,5,2,7,4,1,1,0,0,0,0,2,2
218,2,R,0,5,3,5,4,6,2,4,3,0,1,0,0,0,2,2
218,3,SAS,1,2,7,1,7,5,4,7,7,0,0,1,0,0,1,1
218,4,SPSS,0,1,1,7,7,6,7,6,6,0,0,0,1,0,2,2
218,5,Stata,0,5,7,1,7,5,6,4,6,0,0,0,0,1,2,2
219,1,Matlab,0,5,7,7,7,7,7,7,6,1,0,0,0,0,2,2
219,2,R,0,7,5,6,3,2,7,4,5,0,1,0,0,0,2,2
219,3,SAS,1,6,6,7,3,7,7,5,4,0,0,1,0,0,1,1
219,4,SPSS,0,6,6,2,5,4,6,3,7,0,0,0,1,0,2,2
219,5,Stata,0,6,7,1,4,3,5,2,6,0,0,0,0,1,2,2
220,1,Matlab,0,3,1,1,1,1,1,1,6,1,0,0,0,0,2,2
220,2,R,1,2,5,3,5,7,3,7,5,0,1,0,0,0,1,1
220,3,SAS,0,1,4,3,7,7,2,3,6,0,0,1,0,0,2,2
220,4,SPSS,0,1,4,2,1,5,5,3,7,0,0,0,1,0,2,2
220,5,Stata,0,1,2,2,4,1,1,7,5,0,0,0,0,1,2,2
221,1,Matlab,1,5,7,7,6,7,7,6,7,1,0,0,0,0,1,1
221,2,R,0,7,1,6,1,6,1,1,2,0,1,0,0,0,2,2
221,3,SAS,0,7,1,7,3,6,7,2,1,0,0,1,0,0,2,2
221,4,SPSS,0,1,2,2,7,6,6,5,1,0,0,0,1,0,2,2
221,5,Stata,0,7,1,7,4,7,7,1,3,0,0,0,0,1,2,2
222,1,Matlab,0,3,7,1,5,3,3,3,4,1,0,0,0,0,2,2
222,2,R,0,2,2,6,1,4,6,4,1,0,1,0,0,0,2,2
222,3,SAS,0,1,7,2,1,6,2,5,7,0,0,1,0,0,2,2
222,4,SPSS,0,7,4,7,1,2,3,5,2,0,0,0,1,0,2,2
222,5,Stata,1,7,7,1,7,4,7,5,2,0,0,0,0,1,1,1
223,1,Matlab,0,6,5,2,7,6,5,3,4,1,0,0,0,0,2,2
223,2,R,0,2,7,1,7,6,6,6,5,0,1,0,0,0,2,2
223,3,SAS,0,5,1,7,2,6,6,7,5,0,0,1,0,0,2,2
223,4,SPSS,0,1,1,6,2,7,7,5,5,0,0,0,1,0,2,2
223,5,Stata,1,7,7,5,5,3,5,3,1,0,0,0,0,1,1,1
224,1,Matlab,1,7,7,3,6,7,7,6,6,1,0,0,0,0,1,1
224,2,R,0,1,4,7,1,5,1,7,3,0,1,0,0,0,2,2
224,3,SAS,0,1,1,5,1,3,1,1,6,0,0,1,0,0,2,2
224,4,SPSS,0,7,2,7,6,3,7,4,7,0,0,0,1,0,2,2
224,5,Stata,0,2,7,1,6,1,6,6,2,0,0,0,0,1,2,2
225,1,Matlab,1,4,7,5,7,7,3,3,7,1,0,0,0,0,1,1
225,2,R,0,1,2,1,2,1,2,2,5,0,1,0,0,0,2,2
225,3,SAS,0,6,1,7,1,2,5,5,1,0,0,1,0,0,2,2
225,4,SPSS,0,5,1,7,2,5,7,6,7,0,0,0,1,0,2,2
225,5,Stata,0,4,4,1,6,2,6,2,7,0,0,0,0,1,2,2
226,1,Matlab,0,1,6,1,6,3,6,4,7,1,0,0,0,0,2,2
226,2,R,1,7,7,2,5,4,7,7,3,0,1,0,0,0,1,1
226,3,SAS,0,2,1,7,1,1,6,3,3,0,0,1,0,0,2,2
226,4,SPSS,0,1,6,7,3,2,3,7,4,0,0,0,1,0,2,2
226,5,Stata,0,2,2,3,2,3,7,1,3,0,0,0,0,1,2,2
227,1,Matlab,0,3,7,6,2,7,7,1,7,1,0,0,0,0,2,2
227,2,R,0,2,1,2,1,4,3,5,5,0,1,0,0,0,2,2
227,3,SAS,0,1,1,3,4,2,6,2,6,0,0,1,0,0,2,2
227,4,SPSS,0,6,7,6,5,4,1,6,6,0,0,0,1,0,2,2
227,5,Stata,1,7,5,7,7,7,7,6,6,0,0,0,0,1,1,1
228,1,Matlab,0,3,4,1,2,1,3,2,7,1,0,0,0,0,2,2
228,2,R,0,1,1,1,1,1,6,2,6,0,1,0,0,0,2,2
228,3,SAS,0,5,6,2,3,6,4,1,6,0,0,1,0,0,2,2
228,4,SPSS,1,6,7,3,7,7,5,4,5,0,0,0,1,0,1,1
228,5,Stata,0,6,1,4,6,6,7,3,2,0,0,0,0,1,2,2
229,1,Matlab,0,1,1,3,3,3,1,1,7,1,0,0,0,0,2,2
229,2,R,1,7,7,2,7,7,1,7,1,0,1,0,0,0,1,1
229,3,SAS,0,6,7,7,7,7,5,5,7,0,0,1,0,0,2,2
229,4,SPSS,0,7,7,5,6,1,3,4,5,0,0,0,1,0,2,2
229,5,Stata,0,7,1,7,2,4,7,2,5,0,0,0,0,1,2,2
230,1,Matlab,0,1,2,4,5,1,4,5,7,1,0,0,0,0,2,2
230,2,R,0,7,2,5,3,1,7,4,2,0,1,0,0,0,2,2
230,3,SAS,0,7,6,6,2,4,1,3,1,0,0,1,0,0,2,2
230,4,SPSS,0,2,2,7,1,3,4,3,6,0,0,0,1,0,2,2
230,5,Stata,1,6,6,7,6,6,5,6,3,0,0,0,0,1,1,1
231,1,Matlab,0,1,6,2,6,2,3,5,7,1,0,0,0,0,2,2
231,2,R,1,7,6,7,2,3,7,6,1,0,1,0,0,0,1,1
231,3,SAS,0,6,5,2,2,2,7,6,2,0,0,1,0,0,2,2
231,4,SPSS,0,7,3,3,5,1,7,2,1,0,0,0,1,0,2,2
231,5,Stata,0,2,7,1,6,6,6,3,1,0,0,0,0,1,2,2
232,1,Matlab,1,1,7,7,6,5,7,7,7,1,0,0,0,0,1,1
232,2,R,0,7,6,1,5,2,2,5,1,0,1,0,0,0,2,2
232,3,SAS,0,2,1,7,1,6,3,1,7,0,0,1,0,0,2,2
232,4,SPSS,0,7,1,4,7,1,1,1,5,0,0,0,1,0,2,2
232,5,Stata,0,1,7,4,7,7,6,6,4,0,0,0,0,1,2,2
233,1,Matlab,0,7,3,7,1,7,2,1,3,1,0,0,0,0,2,2
233,2,R,0,7,3,4,6,7,3,2,6,0,1,0,0,0,2,2
233,3,SAS,0,1,1,6,1,2,7,2,7,0,0,1,0,0,2,2
233,4,SPSS,0,6,2,6,7,5,7,7,5,0,0,0,1,0,2,2
233,5,Stata,1,4,7,7,6,5,5,7,3,0,0,0,0,1,1,1
234,1,Matlab,0,2,7,7,4,7,2,4,7,1,0,0,0,0,2,2
234,2,R,1,7,7,6,4,7,3,6,4,0,1,0,0,0,1,1
234,3,SAS,0,1,2,2,3,5,5,1,7,0,0,1,0,0,2,2
234,4,SPSS,0,1,7,1,2,3,1,4,5,0,0,0,1,0,2,2
234,5,Stata,0,2,6,6,7,7,1,6,4,0,0,0,0,1,2,2
235,1,Matlab,0,4,4,2,1,1,7,1,3,1,0,0,0,0,2,2
235,2,R,0,1,6,1,7,7,2,4,7,0,1,0,0,0,2,2
235,3,SAS,0,2,4,6,2,5,5,3,6,0,0,1,0,0,2,2
235,4,SPSS,0,3,7,2,7,2,7,6,7,0,0,0,1,0,2,2
235,5,Stata,1,2,7,6,7,6,7,6,3,0,0,0,0,1,1,1
236,1,Matlab,1,7,6,7,4,5,6,2,6,1,0,0,0,0,1,1
236,2,R,0,7,1,6,1,1,5,2,1,0,1,0,0,0,2,2
236,3,SAS,0,5,4,4,3,6,6,2,7,0,0,1,0,0,2,2
236,4,SPSS,0,2,4,2,2,3,1,2,2,0,0,0,1,0,2,2
236,5,Stata,0,5,7,2,7,6,1,7,2,0,0,0,0,1,2,2
237,1,Matlab,0,6,3,7,3,7,7,2,7,1,0,0,0,0,2,2
237,2,R,0,1,2,1,1,7,1,4,7,0,1,0,0,0,2,2
237,3,SAS,1,6,7,7,7,7,6,7,7,0,0,1,0,0,1,1
237,4,SPSS,0,2,3,7,7,5,7,7,7,0,0,0,1,0,2,2
237,5,Stata,0,7,7,4,4,5,5,2,4,0,0,0,0,1,2,2
238,1,Matlab,0,2,6,3,4,5,7,2,2,1,0,0,0,0,2,2
238,2,R,1,7,6,5,6,5,5,7,1,0,1,0,0,0,1,1
238,3,SAS,0,6,4,7,2,1,3,5,3,0,0,1,0,0,2,2
238,4,SPSS,0,2,7,2,7,5,7,7,7,0,0,0,1,0,2,2
238,5,Stata,0,5,5,1,5,3,1,1,6,0,0,0,0,1,2,2
239,1,Matlab,0,4,5,4,1,1,4,2,3,1,0,0,0,0,2,2
239,2,R,0,1,4,1,2,5,2,6,2,0,1,0,0,0,2,2
239,3,SAS,1,1,5,6,7,6,3,7,5,0,0,1,0,0,1,1
239,4,SPSS,0,4,2,6,2,2,2,2,1,0,0,0,1,0,2,2
239,5,Stata,0,7,7,6,3,2,6,2,2,0,0,0,0,1,2,2
240,1,Matlab,0,2,7,7,4,7,5,4,5,1,0,0,0,0,2,2
240,2,R,1,6,2,7,3,6,5,7,1,0,1,0,0,0,1,1
240,3,SAS,0,2,5,7,7,5,3,7,6,0,0,1,0,0,2,2
240,4,SPSS,0,6,7,7,1,2,4,2,6,0,0,0,1,0,2,2
240,5,Stata,0,5,7,2,6,5,7,2,7,0,0,0,0,1,2,2
241,1,Matlab,1,4,6,7,6,6,7,5,7,1,0,0,0,0,1,1
241,2,R,0,1,1,7,1,1,2,7,4,0,1,0,0,0,2,2
241,3,SAS,0,3,6,7,1,1,5,4,2,0,0,1,0,0,2,2
241,4,SPSS,0,5,7,5,6,6,6,3,7,0,0,0,1,0,2,2
241,5,Stata,0,7,7,6,7,4,3,2,2,0,0,0,0,1,2,2
242,1,Matlab,0,5,7,1,7,7,5,3,7,1,0,0,0,0,2,2
242,2,R,0,7,7,1,2,2,3,3,1,0,1,0,0,0,2,2
242,3,SAS,0,4,7,7,6,2,6,4,4,0,0,1,0,0,2,2
242,4,SPSS,0,6,7,4,6,1,3,7,7,0,0,0,1,0,2,2
242,5,Stata,1,7,7,6,7,6,7,7,3,0,0,0,0,1,1,1
243,1,Matlab,0,3,5,7,2,2,4,7,3,1,0,0,0,0,2,2
243,2,R,0,4,4,6,2,6,6,6,5,0,1,0,0,0,2,2
243,3,SAS,0,5,1,7,1,4,7,3,6,0,0,1,0,0,2,2
243,4,SPSS,1,7,3,7,6,3,7,4,1,0,0,0,1,0,1,1
243,5,Stata,0,3,1,7,4,2,7,4,5,0,0,0,0,1,2,2
244,1,Matlab,0,3,1,7,2,6,7,1,2,1,0,0,0,0,2,2
244,2,R,1,6,4,2,7,6,3,6,3,0,1,0,0,0,1,1
244,3,SAS,0,3,6,2,4,4,4,1,2,0,0,1,0,0,2,2
244,4,SPSS,0,6,4,1,1,1,1,3,6,0,0,0,1,0,2,2
244,5,Stata,0,4,4,7,6,5,5,6,2,0,0,0,0,1,2,2
245,1,Matlab,0,3,7,5,3,5,4,3,7,1,0,0,0,0,2,2
245,2,R,1,7,7,6,7,7,7,7,6,0,1,0,0,0,1,1
245,3,SAS,0,3,2,6,1,2,7,5,4,0,0,1,0,0,2,2
245,4,SPSS,0,5,3,1,3,4,7,3,6,0,0,0,1,0,2,2
245,5,Stata,0,1,1,1,4,1,1,4,6,0,0,0,0,1,2,2
246,1,Matlab,1,2,5,7,2,4,7,6,7,1,0,0,0,0,1,1
246,2,R,0,7,1,7,5,6,3,3,3,0,1,0,0,0,2,2
246,3,SAS,0,3,3,4,1,1,6,1,5,0,0,1,0,0,2,2
246,4,SPSS,0,1,7,1,3,3,6,1,6,0,0,0,1,0,2,2
246,5,Stata,0,6,4,4,6,1,6,6,3,0,0,0,0,1,2,2
